,E1,v12,v13,E2,v21,v23,E3,v31,v32,G23,G31,G12,CTE_1,CTE_2,CTE_3
0,5.4097e+04,0.1408,0.4754,5.4097e+04,0.1408,0.4754,1.4924e+04,0.1311,0.1311,4.0707e+03,4.0707e+03,4.6511e+03,0.0000e+00,0.0000e+00,0.0000e+00
0,8.4662e+04,0.1296,0.3814,8.4662e+04,0.1296,0.3814,1.7475e+04,0.0787,0.0787,5.6754e+03,5.6754e+03,7.2010e+03,0.0000e+00,0.0000e+00,0.0000e+00
1,2.9682e+04,0.1715,0.5812,2.9682e+04,0.1715,0.5812,1.2681e+04,0.2483,0.2483,2.7846e+03,2.7846e+03,2.8818e+03,0.0000e+00,0.0000e+00,0.0000e+00
2,7.3959e+04,0.1431,0.3917,7.3959e+04,0.1431,0.3917,1.4550e+04,0.0771,0.0771,4.1476e+03,4.1476e+03,5.2333e+03,0.0000e+00,0.0000e+00,0.0000e+00
3,3.0396e+04,0.2804,0.5592,3.0396e+04,0.2804,0.5592,2.1164e+04,0.3894,0.3894,4.9180e+03,4.9180e+03,5.2208e+03,0.0000e+00,0.0000e+00,0.0000e+00
4,3.6908e+04,0.1201,0.3489,3.6908e+04,0.1201,0.3489,1.1753e+04,0.1111,0.1111,4.1564e+03,4.1564e+03,4.8160e+03,0.0000e+00,0.0000e+00,0.0000e+00
5,7.5399e+04,0.2026,0.5166,7.5399e+04,0.2026,0.5166,1.2618e+04,0.0864,0.0864,2.7715e+03,2.7715e+03,3.2297e+03,0.0000e+00,0.0000e+00,0.0000e+00
6,3.8810e+04,0.1343,0.4120,3.8810e+04,0.1343,0.4120,9.5602e+03,0.1015,0.1015,2.9824e+03,2.9824e+03,3.4695e+03,0.0000e+00,0.0000e+00,0.0000e+00
7,5.8280e+04,0.1602,0.6267,5.8280e+04,0.1602,0.6267,2.2344e+04,0.2403,0.2403,4.0850e+03,4.0850e+03,4.1856e+03,0.0000e+00,0.0000e+00,0.0000e+00
8,5.7185e+04,0.1235,0.3481,5.7185e+04,0.1235,0.3481,1.5773e+04,0.0960,0.0960,5.7308e+03,5.7308e+03,6.5845e+03,0.0000e+00,0.0000e+00,0.0000e+00
9,2.5209e+04,0.2017,0.4344,2.5209e+04,0.2017,0.4344,1.3897e+04,0.2395,0.2395,3.9681e+03,3.9681e+03,4.7504e+03,0.0000e+00,0.0000e+00,0.0000e+00
10,7.5655e+04,0.1666,0.3839,7.5655e+04,0.1666,0.3839,1.0537e+04,0.0535,0.0535,3.4700e+03,3.4700e+03,4.0215e+03,0.0000e+00,0.0000e+00,0.0000e+00
11,7.0399e+04,0.1538,0.4805,7.0399e+04,0.1538,0.4805,2.7395e+04,0.1870,0.1870,6.0157e+03,6.0157e+03,7.5460e+03,0.0000e+00,0.0000e+00,0.0000e+00
12,3.6020e+04,0.1685,0.4318,3.6020e+04,0.1685,0.4318,1.4887e+04,0.1785,0.1785,4.4897e+03,4.4897e+03,5.3656e+03,0.0000e+00,0.0000e+00,0.0000e+00
13,5.1207e+04,0.1991,0.6517,5.1207e+04,0.1991,0.6517,2.0810e+04,0.2649,0.2649,2.2424e+03,2.2424e+03,2.2237e+03,0.0000e+00,0.0000e+00,0.0000e+00
14,5.8655e+04,0.1900,0.4686,5.8655e+04,0.1900,0.4686,8.9828e+03,0.0718,0.0718,2.3494e+03,2.3494e+03,2.5745e+03,0.0000e+00,0.0000e+00,0.0000e+00
15,5.9665e+04,0.2447,0.6368,5.9665e+04,0.2447,0.6368,3.6082e+04,0.3851,0.3851,4.9014e+03,4.9014e+03,5.4995e+03,0.0000e+00,0.0000e+00,0.0000e+00
16,2.7178e+04,0.1637,0.3348,2.7178e+04,0.1637,0.3348,1.4942e+04,0.1841,0.1841,5.3152e+03,5.3152e+03,6.1158e+03,0.0000e+00,0.0000e+00,0.0000e+00
17,4.3179e+04,0.1568,0.5918,4.3179e+04,0.1568,0.5918,1.3973e+04,0.1915,0.1915,2.9431e+03,2.9431e+03,3.0580e+03,0.0000e+00,0.0000e+00,0.0000e+00
18,5.5845e+04,0.1186,0.3325,5.5845e+04,0.1186,0.3325,1.2403e+04,0.0738,0.0738,4.3484e+03,4.3484e+03,5.2749e+03,0.0000e+00,0.0000e+00,0.0000e+00
19,7.4486e+04,0.1496,0.5263,7.4486e+04,0.1496,0.5263,2.1721e+04,0.1535,0.1535,5.2975e+03,5.2975e+03,5.4889e+03,0.0000e+00,0.0000e+00,0.0000e+00
20,6.7637e+04,0.1276,0.4101,6.7637e+04,0.1276,0.4101,1.6127e+04,0.0978,0.0978,4.8751e+03,4.8751e+03,5.5244e+03,0.0000e+00,0.0000e+00,0.0000e+00
21,4.2093e+04,0.1943,0.5519,4.2093e+04,0.1943,0.5519,1.9870e+04,0.2605,0.2605,3.3629e+03,3.3629e+03,4.0254e+03,0.0000e+00,0.0000e+00,0.0000e+00
22,6.2015e+04,0.1537,0.3668,6.2015e+04,0.1537,0.3668,9.7724e+03,0.0578,0.0578,3.2370e+03,3.2370e+03,4.1390e+03,0.0000e+00,0.0000e+00,0.0000e+00
23,1.8182e+04,0.2652,0.4583,1.8182e+04,0.2652,0.4583,1.3112e+04,0.3305,0.3305,3.9093e+03,3.9093e+03,4.1658e+03,0.0000e+00,0.0000e+00,0.0000e+00
24,3.3388e+04,0.1642,0.4298,3.3388e+04,0.1642,0.4298,1.5427e+04,0.1986,0.1986,4.8742e+03,4.8742e+03,5.2704e+03,0.0000e+00,0.0000e+00,0.0000e+00
25,7.8811e+04,0.1771,0.6268,7.8811e+04,0.1771,0.6268,3.0537e+04,0.2429,0.2429,3.9190e+03,3.9190e+03,4.1627e+03,0.0000e+00,0.0000e+00,0.0000e+00
26,2.2803e+04,0.1491,0.3926,2.2803e+04,0.1491,0.3926,9.1413e+03,0.1574,0.1574,2.9835e+03,2.9835e+03,3.2493e+03,0.0000e+00,0.0000e+00,0.0000e+00
27,8.1630e+04,0.1641,0.5694,8.1630e+04,0.1641,0.5694,2.9391e+04,0.2050,0.2050,5.6095e+03,5.6095e+03,6.7045e+03,0.0000e+00,0.0000e+00,0.0000e+00
28,1.0479e+05,0.1531,0.3252,1.0479e+05,0.1531,0.3252,1.5152e+04,0.0470,0.0470,5.3067e+03,5.3067e+03,7.1324e+03,0.0000e+00,0.0000e+00,0.0000e+00
29,4.0115e+04,0.1521,0.4747,4.0115e+04,0.1521,0.4747,8.8439e+03,0.1046,0.1046,2.2328e+03,2.2328e+03,2.5218e+03,0.0000e+00,0.0000e+00,0.0000e+00
30,5.5243e+04,0.1716,0.4030,5.5243e+04,0.1716,0.4030,7.8256e+03,0.0571,0.0571,2.4530e+03,2.4530e+03,3.0114e+03,0.0000e+00,0.0000e+00,0.0000e+00
31,2.3360e+04,0.2305,0.5161,2.3360e+04,0.2305,0.5161,1.4999e+04,0.3314,0.3314,3.6971e+03,3.6971e+03,3.8974e+03,0.0000e+00,0.0000e+00,0.0000e+00
32,4.5759e+04,0.1240,0.3247,4.5759e+04,0.1240,0.3247,1.4512e+04,0.1030,0.1030,5.3972e+03,5.3972e+03,6.2293e+03,0.0000e+00,0.0000e+00,0.0000e+00
33,9.4186e+04,0.1771,0.4369,9.4186e+04,0.1771,0.4369,1.5667e+04,0.0727,0.0727,3.8862e+03,3.8862e+03,5.0535e+03,0.0000e+00,0.0000e+00,0.0000e+00
34,3.0893e+04,0.1288,0.3558,3.0893e+04,0.1288,0.3558,1.0364e+04,0.1194,0.1194,3.6603e+03,3.6603e+03,4.1813e+03,0.0000e+00,0.0000e+00,0.0000e+00
35,9.2258e+04,0.1474,0.4895,9.2258e+04,0.1474,0.4895,2.7973e+04,0.1484,0.1484,6.3672e+03,6.3672e+03,7.8562e+03,0.0000e+00,0.0000e+00,0.0000e+00
36,9.1890e+04,0.1567,0.4500,9.1890e+04,0.1567,0.4500,1.7284e+04,0.0846,0.0846,4.9893e+03,4.9893e+03,5.7833e+03,0.0000e+00,0.0000e+00,0.0000e+00
37,3.7953e+04,0.1723,0.6715,3.7953e+04,0.1723,0.6715,1.5879e+04,0.2809,0.2809,2.4071e+03,2.4071e+03,2.4630e+03,0.0000e+00,0.0000e+00,0.0000e+00
38,5.3227e+04,0.1456,0.3539,5.3227e+04,0.1456,0.3539,8.0605e+03,0.0536,0.0536,2.8332e+03,2.8332e+03,3.3223e+03,0.0000e+00,0.0000e+00,0.0000e+00
39,4.6812e+04,0.1671,0.4760,4.6812e+04,0.1671,0.4760,1.9277e+04,0.1960,0.1960,5.1024e+03,5.1024e+03,5.9255e+03,0.0000e+00,0.0000e+00,0.0000e+00
40,2.8297e+04,0.2131,0.3420,2.8297e+04,0.2131,0.3420,1.8373e+04,0.2221,0.2221,6.1578e+03,6.1578e+03,7.2222e+03,0.0000e+00,0.0000e+00,0.0000e+00
41,5.5116e+04,0.1766,0.6207,5.5116e+04,0.1766,0.6207,2.1475e+04,0.2419,0.2419,3.8056e+03,3.8056e+03,4.0644e+03,0.0000e+00,0.0000e+00,0.0000e+00
42,5.5033e+04,0.1314,0.4244,5.5033e+04,0.1314,0.4244,1.4058e+04,0.1084,0.1084,3.9020e+03,3.9020e+03,4.8730e+03,0.0000e+00,0.0000e+00,0.0000e+00
43,7.9959e+04,0.1868,0.6889,7.9959e+04,0.1868,0.6889,3.9970e+04,0.3444,0.3444,5.1629e+03,5.1629e+03,5.0013e+03,0.0000e+00,0.0000e+00,0.0000e+00
44,4.7719e+04,0.1210,0.3791,4.7719e+04,0.1210,0.3791,1.1948e+04,0.0949,0.0949,3.9449e+03,3.9449e+03,4.3015e+03,0.0000e+00,0.0000e+00,0.0000e+00
45,2.5595e+04,0.1699,0.5522,2.5595e+04,0.1699,0.5522,1.0390e+04,0.2242,0.2242,2.4241e+03,2.4241e+03,2.7102e+03,0.0000e+00,0.0000e+00,0.0000e+00
46,4.2427e+04,0.1452,0.3767,4.2427e+04,0.1452,0.3767,9.2873e+03,0.0825,0.0825,2.9327e+03,2.9327e+03,3.8567e+03,0.0000e+00,0.0000e+00,0.0000e+00
47,7.3945e+04,0.1606,0.5699,7.3944e+04,0.1606,0.5699,2.1839e+04,0.1683,0.1683,4.3716e+03,4.3716e+03,4.8529e+03,0.0000e+00,0.0000e+00,0.0000e+00
48,5.0851e+04,0.1444,0.4745,5.0851e+04,0.1444,0.4745,1.7351e+04,0.1619,0.1619,4.9063e+03,4.9063e+03,5.2237e+03,0.0000e+00,0.0000e+00,0.0000e+00
49,2.1399e+04,0.3184,0.5618,2.1399e+04,0.3184,0.5618,1.7515e+04,0.4598,0.4598,3.3873e+03,3.3873e+03,3.7542e+03,0.0000e+00,0.0000e+00,0.0000e+00
50,6.1117e+04,0.1523,0.4528,6.1117e+04,0.1523,0.4528,1.1815e+04,0.0875,0.0875,3.4837e+03,3.4837e+03,4.0329e+03,0.0000e+00,0.0000e+00,0.0000e+00
51,5.9092e+04,0.1980,0.5852,5.9092e+04,0.1980,0.5852,3.1497e+04,0.3119,0.3119,5.9679e+03,5.9679e+03,6.6388e+03,0.0000e+00,0.0000e+00,0.0000e+00
52,3.5018e+04,0.1522,0.3196,3.5018e+04,0.1522,0.3196,1.5250e+04,0.1392,0.1392,5.4255e+03,5.4255e+03,6.6323e+03,0.0000e+00,0.0000e+00,0.0000e+00
53,5.4327e+04,0.1608,0.5073,5.4327e+04,0.1608,0.5073,1.2215e+04,0.1141,0.1141,2.7940e+03,2.7940e+03,3.0904e+03,0.0000e+00,0.0000e+00,0.0000e+00
54,1.8844e+04,0.1514,0.4215,1.8844e+04,0.1514,0.4215,8.2432e+03,0.1844,0.1844,2.5333e+03,2.5333e+03,2.8319e+03,0.0000e+00,0.0000e+00,0.0000e+00
55,8.6444e+04,0.2112,0.5990,8.6444e+04,0.2112,0.5990,4.1893e+04,0.2903,0.2903,5.3955e+03,5.3955e+03,6.3119e+03,0.0000e+00,0.0000e+00,0.0000e+00
56,8.8408e+04,0.1228,0.3462,8.8408e+04,0.1228,0.3462,1.8342e+04,0.0718,0.0718,6.1355e+03,6.1355e+03,7.4330e+03,0.0000e+00,0.0000e+00,0.0000e+00
57,3.3718e+04,0.1595,0.5432,3.3718e+04,0.1595,0.5432,1.3523e+04,0.2179,0.2179,3.2140e+03,3.2140e+03,3.3135e+03,0.0000e+00,0.0000e+00,0.0000e+00
58,6.4425e+04,0.1454,0.3466,6.4425e+04,0.1454,0.3466,9.4406e+03,0.0508,0.0508,3.4135e+03,3.4135e+03,4.1322e+03,0.0000e+00,0.0000e+00,0.0000e+00
59,2.4966e+04,0.2033,0.4782,2.4966e+04,0.2033,0.4782,1.3597e+04,0.2604,0.2604,4.1058e+03,4.1058e+03,4.3011e+03,0.0000e+00,0.0000e+00,0.0000e+00
60,4.0496e+04,0.1225,0.3996,4.0496e+04,0.1225,0.3996,1.1900e+04,0.1174,0.1174,3.7774e+03,3.7774e+03,4.0812e+03,0.0000e+00,0.0000e+00,0.0000e+00
61,8.4924e+04,0.2343,0.5524,8.4924e+04,0.2343,0.5524,1.6001e+04,0.1041,0.1041,2.4686e+03,2.4686e+03,2.9423e+03,0.0000e+00,0.0000e+00,0.0000e+00
62,3.5941e+04,0.1509,0.4467,3.5941e+04,0.1509,0.4467,7.4178e+03,0.0922,0.0922,2.0807e+03,2.0807e+03,2.2626e+03,0.0000e+00,0.0000e+00,0.0000e+00
63,9.9193e+04,0.1820,0.6177,9.9193e+04,0.1820,0.6177,3.5855e+04,0.2233,0.2233,4.5929e+03,4.5929e+03,5.1891e+03,0.0000e+00,0.0000e+00,0.0000e+00
64,8.9677e+04,0.1318,0.3474,8.9677e+04,0.1318,0.3474,1.8342e+04,0.0711,0.0711,6.1939e+03,6.1939e+03,8.1915e+03,0.0000e+00,0.0000e+00,0.0000e+00
65,2.9928e+04,0.1547,0.5007,2.9928e+04,0.1547,0.5007,1.2561e+04,0.2101,0.2101,3.0795e+03,3.0795e+03,3.4288e+03,0.0000e+00,0.0000e+00,0.0000e+00
66,8.7068e+04,0.1555,0.3498,8.7068e+04,0.1555,0.3498,1.2201e+04,0.0490,0.0490,4.3997e+03,4.3997e+03,5.7081e+03,0.0000e+00,0.0000e+00,0.0000e+00
67,4.1879e+04,0.1618,0.4637,4.1879e+04,0.1618,0.4637,1.8261e+04,0.2022,0.2022,5.2047e+03,5.2047e+03,5.8212e+03,0.0000e+00,0.0000e+00,0.0000e+00
68,1.8861e+04,0.1971,0.3654,1.8861e+04,0.1971,0.3654,1.1268e+04,0.2183,0.2183,3.9719e+03,3.9719e+03,4.2772e+03,0.0000e+00,0.0000e+00,0.0000e+00
69,5.7056e+04,0.1697,0.5639,5.7056e+04,0.1697,0.5639,1.5801e+04,0.1561,0.1561,2.7992e+03,2.7992e+03,3.0927e+03,0.0000e+00,0.0000e+00,0.0000e+00
70,2.6614e+04,0.1322,0.3585,2.6614e+04,0.1322,0.3585,9.2249e+03,0.1242,0.1242,3.1147e+03,3.1147e+03,3.7094e+03,0.0000e+00,0.0000e+00,0.0000e+00
71,5.4247e+04,0.1621,0.5777,5.4247e+04,0.1621,0.5777,1.9727e+04,0.2101,0.2101,4.3377e+03,4.3377e+03,4.4442e+03,0.0000e+00,0.0000e+00,0.0000e+00
72,8.1435e+04,0.1365,0.4562,8.1435e+04,0.1365,0.4562,2.0784e+04,0.1164,0.1164,5.7404e+03,5.7404e+03,6.4519e+03,0.0000e+00,0.0000e+00,0.0000e+00
73,6.7049e+04,0.2369,0.6067,6.7049e+04,0.2369,0.6067,3.8718e+04,0.3504,0.3504,4.5787e+03,4.5787e+03,5.2660e+03,0.0000e+00,0.0000e+00,0.0000e+00
74,4.5676e+04,0.1321,0.4218,4.5676e+04,0.1321,0.4218,1.0707e+04,0.0989,0.0989,3.2554e+03,3.2554e+03,3.6034e+03,0.0000e+00,0.0000e+00,0.0000e+00
75,2.2795e+04,0.3419,0.4938,2.2795e+04,0.3419,0.4938,1.8309e+04,0.3966,0.3966,4.9675e+03,4.9675e+03,5.4942e+03,0.0000e+00,0.0000e+00,0.0000e+00
76,3.7995e+04,0.1128,0.3213,3.7995e+04,0.1128,0.3213,1.2654e+04,0.1070,0.1070,4.6022e+03,4.6022e+03,5.4764e+03,0.0000e+00,0.0000e+00,0.0000e+00
77,4.5788e+04,0.1752,0.5317,4.5788e+04,0.1752,0.5317,9.0782e+03,0.1054,0.1054,2.1184e+03,2.1184e+03,2.2267e+03,0.0000e+00,0.0000e+00,0.0000e+00
78,5.7560e+04,0.1619,0.3747,5.7560e+04,0.1619,0.3747,7.8286e+03,0.0510,0.0510,2.7201e+03,2.7201e+03,3.1968e+03,0.0000e+00,0.0000e+00,0.0000e+00
79,3.8647e+04,0.1780,0.4374,3.8647e+04,0.1780,0.4374,1.9348e+04,0.2190,0.2190,4.8961e+03,4.8961e+03,5.9029e+03,0.0000e+00,0.0000e+00,0.0000e+00
80,5.9660e+04,0.1494,0.4274,5.9660e+04,0.1494,0.4274,1.9166e+04,0.1373,0.1373,5.9651e+03,5.9651e+03,7.3839e+03,0.0000e+00,0.0000e+00,0.0000e+00
81,6.8309e+04,0.1800,0.6386,6.8309e+04,0.1800,0.6386,2.2963e+04,0.2147,0.2147,3.3085e+03,3.3085e+03,3.3036e+03,0.0000e+00,0.0000e+00,0.0000e+00
82,2.0922e+04,0.2144,0.4153,2.0922e+04,0.2144,0.4153,1.2506e+04,0.2482,0.2482,3.9109e+03,3.9109e+03,4.4495e+03,0.0000e+00,0.0000e+00,0.0000e+00
83,5.6678e+04,0.2254,0.6776,5.6678e+04,0.2254,0.6776,3.7007e+04,0.4425,0.4425,5.2029e+03,5.2029e+03,5.5007e+03,0.0000e+00,0.0000e+00,0.0000e+00
84,7.0615e+04,0.1342,0.4022,7.0615e+04,0.1342,0.4022,1.5254e+04,0.0869,0.0869,4.9526e+03,4.9526e+03,5.6341e+03,0.0000e+00,0.0000e+00,0.0000e+00
85,4.6265e+04,0.1613,0.5165,4.6265e+04,0.1613,0.5165,1.7326e+04,0.1934,0.1934,3.4229e+03,3.4229e+03,4.1181e+03,0.0000e+00,0.0000e+00,0.0000e+00
86,9.7858e+04,0.1982,0.3714,9.7858e+04,0.1982,0.3714,1.1440e+04,0.0434,0.0434,3.4175e+03,3.4175e+03,4.5431e+03,0.0000e+00,0.0000e+00,0.0000e+00
87,5.3831e+04,0.1722,0.5990,5.3831e+04,0.1722,0.5990,2.3154e+04,0.2576,0.2576,4.5357e+03,4.5357e+03,4.8962e+03,0.0000e+00,0.0000e+00,0.0000e+00
88,3.1374e+04,0.1307,0.3084,3.1374e+04,0.1307,0.3084,1.4416e+04,0.1417,0.1417,5.3460e+03,5.3460e+03,5.6916e+03,0.0000e+00,0.0000e+00,0.0000e+00
89,7.6627e+04,0.1623,0.4945,7.6627e+04,0.1623,0.4945,1.6619e+04,0.1073,0.1073,4.1048e+03,4.1048e+03,4.9646e+03,0.0000e+00,0.0000e+00,0.0000e+00
90,3.0442e+04,0.1157,0.3699,3.0442e+04,0.1157,0.3699,8.6533e+03,0.1051,0.1051,2.9577e+03,2.9577e+03,3.1924e+03,0.0000e+00,0.0000e+00,0.0000e+00
91,8.7000e+04,0.1597,0.5427,8.7000e+04,0.1597,0.5427,2.4900e+04,0.1553,0.1553,5.4094e+03,5.4094e+03,6.0801e+03,0.0000e+00,0.0000e+00,0.0000e+00
92,7.3975e+04,0.1418,0.4296,7.3975e+04,0.1418,0.4296,1.7272e+04,0.1003,0.1003,4.8444e+03,4.8444e+03,6.1091e+03,0.0000e+00,0.0000e+00,0.0000e+00
93,1.9957e+04,0.2307,0.6486,1.9957e+04,0.2307,0.6486,1.1738e+04,0.3815,0.3815,2.1146e+03,2.1146e+03,2.1631e+03,0.0000e+00,0.0000e+00,0.0000e+00
94,6.9503e+04,0.2096,0.3754,6.9503e+04,0.2096,0.3754,7.0368e+03,0.0380,0.0380,2.4061e+03,2.4061e+03,2.8286e+03,0.0000e+00,0.0000e+00,0.0000e+00
95,3.6442e+04,0.1625,0.5393,3.6442e+04,0.1625,0.5393,1.4130e+04,0.2091,0.2091,3.4904e+03,3.4904e+03,3.7186e+03,0.0000e+00,0.0000e+00,0.0000e+00
96,2.9196e+04,0.1591,0.3980,2.9196e+04,0.1591,0.3980,1.4650e+04,0.1997,0.1997,4.7041e+03,4.7041e+03,5.0360e+03,0.0000e+00,0.0000e+00,0.0000e+00
97,7.6130e+04,0.1827,0.6209,7.6130e+04,0.1827,0.6209,2.6306e+04,0.2146,0.2146,3.6248e+03,3.6248e+03,4.2201e+03,0.0000e+00,0.0000e+00,0.0000e+00
98,3.6346e+04,0.1270,0.3877,3.6346e+04,0.1270,0.3877,1.1066e+04,0.1180,0.1180,3.6335e+03,3.6335e+03,4.1200e+03,0.0000e+00,0.0000e+00,0.0000e+00
99,1.0511e+05,0.1794,0.5410,1.0511e+05,0.1794,0.5410,3.5082e+04,0.1806,0.1806,6.5408e+03,6.5408e+03,7.9913e+03,0.0000e+00,0.0000e+00,0.0000e+00
100,6.3436e+04,0.1122,0.3120,6.3436e+04,0.1122,0.3120,1.4117e+04,0.0694,0.0694,5.2119e+03,5.2119e+03,6.3433e+03,0.0000e+00,0.0000e+00,0.0000e+00
101,1.4955e+04,0.1954,0.4564,1.4955e+04,0.1954,0.4564,7.7348e+03,0.2361,0.2361,2.3312e+03,2.3312e+03,2.6271e+03,0.0000e+00,0.0000e+00,0.0000e+00
102,4.9057e+04,0.1578,0.4857,4.9057e+04,0.1578,0.4857,9.6731e+03,0.0958,0.0958,2.6521e+03,2.6521e+03,2.8664e+03,0.0000e+00,0.0000e+00,0.0000e+00
103,4.1297e+04,0.2446,0.6178,4.1297e+04,0.2446,0.6178,2.6961e+04,0.4033,0.4033,4.7646e+03,4.7646e+03,4.9543e+03,0.0000e+00,0.0000e+00,0.0000e+00
104,6.9911e+04,0.1321,0.3641,6.9911e+04,0.1321,0.3641,2.0044e+04,0.1044,0.1044,6.7454e+03,6.7454e+03,8.5260e+03,0.0000e+00,0.0000e+00,0.0000e+00
105,7.7113e+04,0.1690,0.5455,7.7113e+04,0.1690,0.5455,1.8709e+04,0.1324,0.1324,3.7781e+03,3.7781e+03,4.1655e+03,0.0000e+00,0.0000e+00,0.0000e+00
106,3.0598e+04,0.1469,0.3230,3.0598e+04,0.1469,0.3230,1.1246e+04,0.1187,0.1187,4.0536e+03,4.0536e+03,5.1622e+03,0.0000e+00,0.0000e+00,0.0000e+00
107,6.5634e+04,0.1432,0.4862,6.5634e+04,0.1432,0.4862,2.1034e+04,0.1558,0.1558,5.3575e+03,5.3575e+03,6.0214e+03,0.0000e+00,0.0000e+00,0.0000e+00
108,5.9973e+04,0.1361,0.4138,5.9973e+04,0.1361,0.4138,1.3675e+04,0.0944,0.0944,4.0729e+03,4.0729e+03,4.3874e+03,0.0000e+00,0.0000e+00,0.0000e+00
109,4.6582e+04,0.1616,0.5733,4.6582e+04,0.1616,0.5733,1.6267e+04,0.2002,0.2002,2.7077e+03,2.7077e+03,3.1406e+03,0.0000e+00,0.0000e+00,0.0000e+00
110,3.3552e+04,0.1276,0.3982,3.3552e+04,0.1276,0.3982,8.7586e+03,0.1039,0.1039,2.6561e+03,2.6561e+03,3.3316e+03,0.0000e+00,0.0000e+00,0.0000e+00
111,6.2775e+04,0.1723,0.6390,6.2775e+04,0.1723,0.6390,2.4359e+04,0.2479,0.2479,4.0285e+03,4.0285e+03,4.1901e+03,0.0000e+00,0.0000e+00,0.0000e+00
112,6.5051e+04,0.1207,0.3605,6.5051e+04,0.1207,0.3605,1.3790e+04,0.0764,0.0764,4.8508e+03,4.8508e+03,5.2503e+03,0.0000e+00,0.0000e+00,0.0000e+00
113,5.0637e+04,0.1553,0.5253,5.0637e+04,0.1553,0.5253,1.3938e+04,0.1446,0.1446,3.4093e+03,3.4093e+03,3.9453e+03,0.0000e+00,0.0000e+00,0.0000e+00
114,4.7325e+04,0.1215,0.3780,4.7325e+04,0.1215,0.3780,1.1101e+04,0.0887,0.0887,3.6059e+03,3.6059e+03,3.8258e+03,0.0000e+00,0.0000e+00,0.0000e+00
115,3.0533e+04,0.2614,0.4820,3.0533e+04,0.2614,0.4820,2.0626e+04,0.3256,0.3256,5.5367e+03,5.5367e+03,6.1821e+03,0.0000e+00,0.0000e+00,0.0000e+00
116,5.6074e+04,0.1451,0.4125,5.6074e+04,0.1451,0.4125,1.9990e+04,0.1471,0.1471,5.4736e+03,5.4736e+03,6.8613e+03,0.0000e+00,0.0000e+00,0.0000e+00
117,7.1344e+04,0.2074,0.6920,7.1344e+04,0.2074,0.6920,3.2198e+04,0.3123,0.3123,2.9255e+03,2.9255e+03,2.9353e+03,0.0000e+00,0.0000e+00,0.0000e+00
118,3.8748e+04,0.1248,0.3394,3.8748e+04,0.1248,0.3394,7.3859e+03,0.0647,0.0647,2.6735e+03,2.6735e+03,3.0722e+03,0.0000e+00,0.0000e+00,0.0000e+00
119,1.0117e+05,0.1519,0.4360,1.0117e+05,0.1519,0.4360,2.1668e+04,0.0934,0.0934,5.2660e+03,5.2660e+03,6.5501e+03,0.0000e+00,0.0000e+00,0.0000e+00
120,7.3679e+04,0.1341,0.4053,7.3679e+04,0.1341,0.4053,1.8589e+04,0.1023,0.1023,5.9293e+03,5.9293e+03,7.0956e+03,0.0000e+00,0.0000e+00,0.0000e+00
121,2.2385e+04,0.2062,0.5720,2.2385e+04,0.2062,0.5720,1.2701e+04,0.3245,0.3245,3.0060e+03,3.0060e+03,3.1636e+03,0.0000e+00,0.0000e+00,0.0000e+00
122,7.7315e+04,0.1702,0.4463,7.7315e+04,0.1702,0.4463,1.2353e+04,0.0713,0.0713,3.4934e+03,3.4934e+03,4.4007e+03,0.0000e+00,0.0000e+00,0.0000e+00
123,3.7846e+04,0.2352,0.6008,3.7846e+04,0.2352,0.6008,2.4293e+04,0.3856,0.3856,4.5330e+03,4.5330e+03,4.6431e+03,0.0000e+00,0.0000e+00,0.0000e+00
124,1.8076e+04,0.2019,0.3373,1.8076e+04,0.2019,0.3373,1.0640e+04,0.1986,0.1986,3.9239e+03,3.9239e+03,4.3889e+03,0.0000e+00,0.0000e+00,0.0000e+00
125,6.3742e+04,0.1821,0.4713,6.3742e+04,0.1821,0.4713,1.2912e+04,0.0955,0.0955,2.5823e+03,2.5823e+03,3.3018e+03,0.0000e+00,0.0000e+00,0.0000e+00
126,6.0042e+04,0.2028,0.4346,6.0042e+04,0.2028,0.4346,7.4824e+03,0.0542,0.0542,2.2144e+03,2.2144e+03,2.5424e+03,0.0000e+00,0.0000e+00,0.0000e+00
127,5.5329e+04,0.1980,0.5308,5.5329e+04,0.1980,0.5308,2.7151e+04,0.2605,0.2605,4.7441e+03,4.7441e+03,5.7999e+03,0.0000e+00,0.0000e+00,0.0000e+00
128,2.2841e+04,0.1957,0.3073,2.2841e+04,0.1957,0.3073,1.3754e+04,0.1850,0.1850,5.1630e+03,5.1630e+03,5.9549e+03,0.0000e+00,0.0000e+00,0.0000e+00
129,4.4408e+04,0.1477,0.4927,4.4408e+04,0.1477,0.4927,1.2202e+04,0.1354,0.1354,2.9034e+03,2.9034e+03,3.1160e+03,0.0000e+00,0.0000e+00,0.0000e+00
130,4.8293e+04,0.1309,0.3858,4.8293e+04,0.1309,0.3858,1.1527e+04,0.0921,0.0921,3.8438e+03,3.8438e+03,4.4956e+03,0.0000e+00,0.0000e+00,0.0000e+00
131,5.8698e+04,0.1532,0.5817,5.8698e+04,0.1532,0.5817,2.0845e+04,0.2066,0.2066,4.5804e+03,4.5804e+03,4.7899e+03,0.0000e+00,0.0000e+00,0.0000e+00
132,6.0277e+04,0.1405,0.4650,6.0277e+04,0.1405,0.4650,1.5726e+04,0.1213,0.1213,4.3882e+03,4.3882e+03,4.9609e+03,0.0000e+00,0.0000e+00,0.0000e+00
133,3.5816e+04,0.2134,0.6056,3.5816e+04,0.2134,0.6056,2.2016e+04,0.3722,0.3722,2.9588e+03,2.9588e+03,3.3880e+03,0.0000e+00,0.0000e+00,0.0000e+00
134,6.9442e+04,0.1450,0.3071,6.9442e+04,0.1450,0.3071,1.0124e+04,0.0448,0.0448,3.5802e+03,3.5802e+03,4.7086e+03,0.0000e+00,0.0000e+00,0.0000e+00
135,2.5252e+04,0.2121,0.4441,2.5252e+04,0.2121,0.4441,1.4460e+04,0.2543,0.2543,4.4398e+03,4.4398e+03,4.8766e+03,0.0000e+00,0.0000e+00,0.0000e+00
136,3.9126e+04,0.1292,0.3703,3.9126e+04,0.1292,0.3703,1.6050e+04,0.1519,0.1519,5.3137e+03,5.3137e+03,5.6298e+03,0.0000e+00,0.0000e+00,0.0000e+00
137,8.5237e+04,0.1746,0.5616,8.5237e+04,0.1746,0.5616,2.3253e+04,0.1532,0.1532,4.1219e+03,4.1219e+03,4.6885e+03,0.0000e+00,0.0000e+00,0.0000e+00
138,2.4300e+04,0.1406,0.4355,2.4300e+04,0.1406,0.4355,9.4177e+03,0.1688,0.1688,2.9157e+03,2.9157e+03,3.1156e+03,0.0000e+00,0.0000e+00,0.0000e+00
139,8.0222e+04,0.1870,0.6452,8.0222e+04,0.1870,0.6452,3.5343e+04,0.2843,0.2843,5.4577e+03,5.4577e+03,5.9608e+03,0.0000e+00,0.0000e+00,0.0000e+00
140,9.9611e+04,0.1474,0.3489,9.9611e+04,0.1474,0.3489,1.4923e+04,0.0523,0.0523,5.0658e+03,5.0658e+03,6.4993e+03,0.0000e+00,0.0000e+00,0.0000e+00
141,4.0410e+04,0.1614,0.5432,4.0410e+04,0.1614,0.5432,1.0052e+04,0.1351,0.1351,2.2324e+03,2.2324e+03,2.4057e+03,0.0000e+00,0.0000e+00,0.0000e+00
142,1.5881e+04,0.1393,0.3543,1.5881e+04,0.1393,0.3543,6.6926e+03,0.1493,0.1493,2.3568e+03,2.3568e+03,2.5462e+03,0.0000e+00,0.0000e+00,0.0000e+00
143,7.0284e+04,0.1463,0.5140,7.0284e+04,0.1463,0.5140,2.1935e+04,0.1604,0.1604,4.8646e+03,4.8646e+03,5.9288e+03,0.0000e+00,0.0000e+00,0.0000e+00
144,1.0520e+05,0.1534,0.4210,1.0520e+05,0.1534,0.4210,2.3910e+04,0.0957,0.0957,6.5358e+03,6.5358e+03,8.5141e+03,0.0000e+00,0.0000e+00,0.0000e+00
145,4.3021e+04,0.1920,0.6451,4.3021e+04,0.1920,0.6451,2.2715e+04,0.3406,0.3406,3.5056e+03,3.5056e+03,3.7130e+03,0.0000e+00,0.0000e+00,0.0000e+00
146,8.1005e+04,0.1482,0.3960,8.1005e+04,0.1482,0.3960,1.5354e+04,0.0751,0.0751,4.6505e+03,4.6505e+03,5.8858e+03,0.0000e+00,0.0000e+00,0.0000e+00
147,3.5976e+04,0.2300,0.5397,3.5976e+04,0.2300,0.5397,2.2530e+04,0.3380,0.3380,5.3647e+03,5.3647e+03,5.7794e+03,0.0000e+00,0.0000e+00,0.0000e+00
148,4.1574e+04,0.1255,0.3435,4.1574e+04,0.1255,0.3435,1.2502e+04,0.1033,0.1033,4.5845e+03,4.5845e+03,5.3138e+03,0.0000e+00,0.0000e+00,0.0000e+00
149,8.1947e+04,0.1896,0.4799,8.1947e+04,0.1896,0.4799,1.3293e+04,0.0778,0.0778,3.2168e+03,3.2168e+03,3.7881e+03,0.0000e+00,0.0000e+00,0.0000e+00
150,3.7137e+04,0.1349,0.4428,3.7137e+04,0.1349,0.4428,1.0875e+04,0.1297,0.1297,2.9637e+03,2.9637e+03,3.5965e+03,0.0000e+00,0.0000e+00,0.0000e+00
151,6.5295e+04,0.2052,0.7072,6.5295e+04,0.2052,0.7072,3.7049e+04,0.4013,0.4013,4.3631e+03,4.3631e+03,4.1208e+03,0.0000e+00,0.0000e+00,0.0000e+00
152,5.7494e+04,0.1248,0.3755,5.7494e+04,0.1248,0.3755,1.7394e+04,0.1136,0.1136,5.7572e+03,5.7572e+03,6.6141e+03,0.0000e+00,0.0000e+00,0.0000e+00
153,2.0308e+04,0.2961,0.4726,2.0308e+04,0.2961,0.4726,1.4237e+04,0.3313,0.3313,3.7784e+03,3.7784e+03,4.3911e+03,0.0000e+00,0.0000e+00,0.0000e+00
154,6.4639e+04,0.1525,0.3550,6.4639e+04,0.1525,0.3550,9.3572e+03,0.0514,0.0514,3.2144e+03,3.2144e+03,3.6015e+03,0.0000e+00,0.0000e+00,0.0000e+00
155,5.9539e+04,0.1618,0.4823,5.9539e+04,0.1618,0.4823,2.2824e+04,0.1849,0.1849,5.6820e+03,5.6820e+03,6.9655e+03,0.0000e+00,0.0000e+00,0.0000e+00
156,2.8482e+04,0.1563,0.3887,2.8482e+04,0.1563,0.3887,1.3224e+04,0.1805,0.1805,4.2449e+03,4.2449e+03,4.8569e+03,0.0000e+00,0.0000e+00,0.0000e+00
157,4.0641e+04,0.1824,0.6622,4.0641e+04,0.1824,0.6622,1.3358e+04,0.2177,0.2177,1.9626e+03,1.9626e+03,1.9779e+03,0.0000e+00,0.0000e+00,0.0000e+00
158,4.2715e+04,0.1297,0.3366,4.2715e+04,0.1297,0.3366,7.6462e+03,0.0602,0.0602,2.7238e+03,2.7238e+03,3.4905e+03,0.0000e+00,0.0000e+00,0.0000e+00
159,6.5446e+04,0.1541,0.5203,6.5446e+04,0.1541,0.5203,1.6060e+04,0.1277,0.1277,3.9692e+03,3.9692e+03,4.1878e+03,0.0000e+00,0.0000e+00,0.0000e+00
160,4.5694e+04,0.1259,0.4071,4.5694e+04,0.1259,0.4071,1.4506e+04,0.1292,0.1292,4.5349e+03,4.5349e+03,4.9231e+03,0.0000e+00,0.0000e+00,0.0000e+00
161,2.2865e+04,0.2310,0.5613,2.2865e+04,0.2310,0.5613,1.3550e+04,0.3326,0.3326,3.1351e+03,3.1351e+03,3.4190e+03,0.0000e+00,0.0000e+00,0.0000e+00
162,6.3853e+04,0.1561,0.4667,6.3853e+04,0.1561,0.4667,1.2418e+04,0.0908,0.0908,3.3875e+03,3.3875e+03,3.9092e+03,0.0000e+00,0.0000e+00,0.0000e+00
163,6.9133e+04,0.2296,0.6267,6.9133e+04,0.2296,0.6267,4.0045e+04,0.3630,0.3630,6.0566e+03,6.0566e+03,6.5534e+03,0.0000e+00,0.0000e+00,0.0000e+00
164,4.2417e+04,0.1238,0.3161,4.2417e+04,0.1238,0.3161,1.6390e+04,0.1221,0.1221,5.4902e+03,5.4902e+03,6.9153e+03,0.0000e+00,0.0000e+00,0.0000e+00
165,5.7866e+04,0.1755,0.5500,5.7866e+04,0.1755,0.5500,1.3412e+04,0.1275,0.1275,2.7173e+03,2.7173e+03,2.9703e+03,0.0000e+00,0.0000e+00,0.0000e+00
166,1.4623e+04,0.1916,0.3643,1.4623e+04,0.1916,0.3643,8.0599e+03,0.2008,0.2008,2.8301e+03,2.8301e+03,3.1517e+03,0.0000e+00,0.0000e+00,0.0000e+00
167,7.2928e+04,0.1629,0.5355,7.2928e+04,0.1629,0.5355,2.7831e+04,0.2043,0.2043,5.5527e+03,5.5527e+03,6.7202e+03,0.0000e+00,0.0000e+00,0.0000e+00
168,8.1650e+04,0.1185,0.3253,8.1650e+04,0.1185,0.3253,1.7798e+04,0.0709,0.0709,6.5632e+03,6.5632e+03,7.7544e+03,0.0000e+00,0.0000e+00,0.0000e+00
169,2.9346e+04,0.1476,0.4661,2.9346e+04,0.1476,0.4661,1.2184e+04,0.1935,0.1935,3.4882e+03,3.4882e+03,3.7627e+03,0.0000e+00,0.0000e+00,0.0000e+00
170,6.8848e+04,0.1453,0.3761,6.8848e+04,0.1453,0.3761,1.1690e+04,0.0639,0.0639,4.0170e+03,4.0170e+03,5.0084e+03,0.0000e+00,0.0000e+00,0.0000e+00
171,2.7785e+04,0.2230,0.4684,2.7785e+04,0.2230,0.4684,1.7109e+04,0.2884,0.2884,4.8058e+03,4.8058e+03,5.1174e+03,0.0000e+00,0.0000e+00,0.0000e+00
172,4.6993e+04,0.1394,0.4284,4.6993e+04,0.1394,0.4284,1.4836e+04,0.1352,0.1352,4.5094e+03,4.5094e+03,5.1356e+03,0.0000e+00,0.0000e+00,0.0000e+00
173,9.7440e+04,0.2064,0.5552,9.7440e+04,0.2064,0.5552,2.6194e+04,0.1493,0.1493,3.1362e+03,3.1362e+03,3.7982e+03,0.0000e+00,0.0000e+00,0.0000e+00
174,5.1858e+04,0.1564,0.4323,5.1858e+04,0.1564,0.4323,9.0386e+03,0.0753,0.0753,2.5604e+03,2.5604e+03,3.0323e+03,0.0000e+00,0.0000e+00,0.0000e+00
175,1.8147e+04,0.3135,0.5682,1.8147e+04,0.3135,0.5682,1.3780e+04,0.4315,0.4315,3.5136e+03,3.5136e+03,3.5794e+03,0.0000e+00,0.0000e+00,0.0000e+00
176,3.8050e+04,0.1260,0.3459,3.8050e+04,0.1260,0.3459,1.4609e+04,0.1328,0.1328,5.1328e+03,5.1328e+03,5.6987e+03,0.0000e+00,0.0000e+00,0.0000e+00
177,8.4059e+04,0.1768,0.5254,8.4059e+04,0.1768,0.5254,1.8011e+04,0.1126,0.1126,3.8357e+03,3.8357e+03,4.6931e+03,0.0000e+00,0.0000e+00,0.0000e+00
178,2.8394e+04,0.1146,0.3063,2.8394e+04,0.1146,0.3063,1.0645e+04,0.1148,0.1148,3.9503e+03,3.9503e+03,4.4921e+03,0.0000e+00,0.0000e+00,0.0000e+00
179,9.1219e+04,0.1525,0.4508,9.1219e+04,0.1525,0.4508,2.6719e+04,0.1320,0.1320,6.7548e+03,6.7548e+03,8.4880e+03,0.0000e+00,0.0000e+00,0.0000e+00
180,9.2728e+04,0.1435,0.3938,9.2728e+04,0.1435,0.3938,1.7212e+04,0.0731,0.0731,5.3354e+03,5.3354e+03,6.4265e+03,0.0000e+00,0.0000e+00,0.0000e+00
181,4.8964e+03,0.4382,0.4382,4.8964e+03,0.4382,0.4382,4.8964e+03,0.4382,0.4382,1.7023e+03,1.7023e+03,1.7023e+03,0.0000e+00,0.0000e+00,0.0000e+00
182,5.4531e+04,0.1711,0.4115,5.4531e+04,0.1711,0.4115,7.7265e+03,0.0583,0.0583,2.4830e+03,2.4830e+03,2.8960e+03,0.0000e+00,0.0000e+00,0.0000e+00
183,5.1187e+04,0.1622,0.5312,5.1187e+04,0.1622,0.5312,2.1486e+04,0.2230,0.2230,4.7793e+03,4.7793e+03,5.4716e+03,0.0000e+00,0.0000e+00,0.0000e+00
184,3.4883e+04,0.2249,0.4160,3.4883e+04,0.2249,0.4160,1.9339e+04,0.2306,0.2306,5.8816e+03,5.8816e+03,6.9499e+03,0.0000e+00,0.0000e+00,0.0000e+00
185,5.5817e+04,0.1996,0.6874,5.5817e+04,0.1996,0.6874,2.9830e+04,0.3674,0.3674,3.4803e+03,3.4803e+03,3.3881e+03,0.0000e+00,0.0000e+00,0.0000e+00
186,6.5591e+04,0.1476,0.3906,6.5591e+04,0.1476,0.3906,1.3360e+04,0.0796,0.0796,3.8674e+03,3.8674e+03,5.0833e+03,0.0000e+00,0.0000e+00,0.0000e+00
187,9.3379e+04,0.1661,0.6115,9.3379e+04,0.1661,0.6115,3.2935e+04,0.2157,0.2157,5.2034e+03,5.2034e+03,5.6319e+03,0.0000e+00,0.0000e+00,0.0000e+00
188,5.9403e+04,0.1292,0.3671,5.9403e+04,0.1292,0.3671,1.1586e+04,0.0716,0.0716,4.0603e+03,4.0603e+03,4.4158e+03,0.0000e+00,0.0000e+00,0.0000e+00
189,3.4984e+04,0.1463,0.4940,3.4984e+04,0.1463,0.4940,9.8646e+03,0.1393,0.1393,2.4114e+03,2.4114e+03,2.9664e+03,0.0000e+00,0.0000e+00,0.0000e+00
190,5.0250e+04,0.1782,0.3867,5.0250e+04,0.1782,0.3867,6.5217e+03,0.0502,0.0502,2.1167e+03,2.1167e+03,2.2900e+03,0.0000e+00,0.0000e+00,0.0000e+00
191,4.1358e+04,0.1842,0.5268,4.1358e+04,0.1842,0.5268,1.8256e+04,0.2325,0.2325,4.3546e+03,4.3546e+03,5.2142e+03,0.0000e+00,0.0000e+00,0.0000e+00
192,5.5921e+04,0.1386,0.4521,5.5921e+04,0.1386,0.4521,1.7580e+04,0.1421,0.1421,5.1079e+03,5.1079e+03,5.8498e+03,0.0000e+00,0.0000e+00,0.0000e+00
193,5.9076e+04,0.2007,0.7006,5.9076e+04,0.2007,0.7006,2.4863e+04,0.2949,0.2949,2.6958e+03,2.6958e+03,2.6838e+03,0.0000e+00,0.0000e+00,0.0000e+00
194,2.5674e+04,0.1446,0.3720,2.5674e+04,0.1446,0.3720,1.1450e+04,0.1659,0.1659,3.7413e+03,3.7413e+03,4.3930e+03,0.0000e+00,0.0000e+00,0.0000e+00
195,5.4603e+04,0.1810,0.6218,5.4603e+04,0.1810,0.6218,2.4723e+04,0.2815,0.2815,4.7710e+03,4.7710e+03,5.2992e+03,0.0000e+00,0.0000e+00,0.0000e+00
196,7.2996e+04,0.1290,0.3460,7.2996e+04,0.1290,0.3460,1.3237e+04,0.0627,0.0627,4.6966e+03,4.6966e+03,5.3924e+03,0.0000e+00,0.0000e+00,0.0000e+00
197,4.9057e+04,0.1592,0.4813,4.9057e+04,0.1592,0.4813,1.2622e+04,0.1238,0.1238,3.0334e+03,3.0334e+03,3.7392e+03,0.0000e+00,0.0000e+00,0.0000e+00
198,8.9058e+04,0.1915,0.4222,8.9058e+04,0.1915,0.4222,1.1984e+04,0.0568,0.0568,3.3834e+03,3.3834e+03,4.3091e+03,0.0000e+00,0.0000e+00,0.0000e+00
199,4.9308e+04,0.1860,0.6205,4.9308e+04,0.1860,0.6205,2.5986e+04,0.3270,0.3270,4.5548e+03,4.5548e+03,4.8457e+03,0.0000e+00,0.0000e+00,0.0000e+00
200,2.6872e+04,0.1679,0.3380,2.6872e+04,0.1679,0.3380,1.4050e+04,0.1767,0.1767,5.1583e+03,5.1583e+03,5.5946e+03,0.0000e+00,0.0000e+00,0.0000e+00
201,6.8331e+04,0.1534,0.5126,6.8331e+04,0.1534,0.5126,1.7798e+04,0.1335,0.1335,4.0268e+03,4.0268e+03,4.5563e+03,0.0000e+00,0.0000e+00,0.0000e+00
202,3.1195e+04,0.1142,0.3190,3.1195e+04,0.1142,0.3190,9.1717e+03,0.0938,0.0938,3.3388e+03,3.3388e+03,3.6849e+03,0.0000e+00,0.0000e+00,0.0000e+00
203,8.8251e+04,0.1405,0.4550,8.8251e+04,0.1405,0.4550,2.2148e+04,0.1142,0.1142,5.7906e+03,5.7906e+03,7.0331e+03,0.0000e+00,0.0000e+00,0.0000e+00
204,7.3732e+04,0.1435,0.3904,7.3732e+04,0.1435,0.3904,1.6427e+04,0.0870,0.0870,5.2040e+03,5.2040e+03,6.8144e+03,0.0000e+00,0.0000e+00,0.0000e+00
205,1.6971e+04,0.2119,0.5334,1.6971e+04,0.2119,0.5334,9.5932e+03,0.3015,0.3015,2.2872e+03,2.2872e+03,2.4989e+03,0.0000e+00,0.0000e+00,0.0000e+00
206,3.0134e+04,0.1275,0.4167,3.0134e+04,0.1275,0.4167,7.1862e+03,0.0994,0.0994,2.2634e+03,2.2634e+03,2.4309e+03,0.0000e+00,0.0000e+00,0.0000e+00
207,8.5180e+04,0.1725,0.6009,8.5180e+04,0.1725,0.6009,2.5926e+04,0.1829,0.1829,4.6124e+03,4.6124e+03,5.1771e+03,0.0000e+00,0.0000e+00,0.0000e+00
208,7.8666e+04,0.1120,0.3128,7.8666e+04,0.1120,0.3128,1.7565e+04,0.0698,0.0698,6.3584e+03,6.3584e+03,8.1162e+03,0.0000e+00,0.0000e+00,0.0000e+00
209,2.3682e+04,0.1741,0.4723,2.3682e+04,0.1741,0.4723,1.1144e+04,0.2222,0.2222,3.1907e+03,3.1907e+03,3.4667e+03,0.0000e+00,0.0000e+00,0.0000e+00
210,8.8403e+04,0.1443,0.3469,8.8403e+04,0.1443,0.3469,1.4895e+04,0.0584,0.0584,4.8687e+03,4.8687e+03,6.3414e+03,0.0000e+00,0.0000e+00,0.0000e+00
211,3.9206e+04,0.2064,0.5189,3.9206e+04,0.2064,0.5189,2.0462e+04,0.2708,0.2708,5.4274e+03,5.4274e+03,5.8610e+03,0.0000e+00,0.0000e+00,0.0000e+00
212,1.6519e+04,0.2403,0.3749,1.6519e+04,0.2403,0.3749,1.2293e+04,0.2790,0.2790,4.1917e+03,4.1917e+03,4.3704e+03,0.0000e+00,0.0000e+00,0.0000e+00
213,6.0797e+04,0.1904,0.6381,6.0797e+04,0.1904,0.6381,2.5629e+04,0.2690,0.2690,3.2939e+03,3.2939e+03,3.5804e+03,0.0000e+00,0.0000e+00,0.0000e+00
214,2.9664e+04,0.1276,0.3547,2.9664e+04,0.1276,0.3547,8.2974e+03,0.0992,0.0992,2.9557e+03,2.9557e+03,3.4845e+03,0.0000e+00,0.0000e+00,0.0000e+00
215,5.3531e+04,0.1463,0.5311,5.3531e+04,0.1463,0.5311,1.6792e+04,0.1666,0.1666,4.1107e+03,4.1107e+03,4.3981e+03,0.0000e+00,0.0000e+00,0.0000e+00
216,8.0867e+04,0.1385,0.4349,8.0867e+04,0.1385,0.4349,1.8437e+04,0.0992,0.0992,5.5376e+03,5.5376e+03,6.3056e+03,0.0000e+00,0.0000e+00,0.0000e+00
217,6.5455e+04,0.1730,0.5608,6.5455e+04,0.1730,0.5608,2.7744e+04,0.2377,0.2377,4.2900e+03,4.2900e+03,5.0404e+03,0.0000e+00,0.0000e+00,0.0000e+00
218,5.5941e+04,0.1514,0.4811,5.5941e+04,0.1514,0.4811,1.2228e+04,0.1052,0.1052,3.3210e+03,3.3210e+03,3.8037e+03,0.0000e+00,0.0000e+00,0.0000e+00
219,3.7557e+04,0.3299,0.5311,3.7557e+04,0.3299,0.5311,3.1664e+04,0.4478,0.4478,5.5866e+03,5.5866e+03,6.3832e+03,0.0000e+00,0.0000e+00,0.0000e+00
220,4.7987e+04,0.1294,0.3764,4.7987e+04,0.1294,0.3764,1.4037e+04,0.1101,0.1101,4.7133e+03,4.7133e+03,5.9051e+03,0.0000e+00,0.0000e+00,0.0000e+00
221,5.4604e+04,0.1980,0.5378,5.4604e+04,0.1980,0.5378,1.2033e+04,0.1185,0.1185,2.1517e+03,2.1517e+03,2.2600e+03,0.0000e+00,0.0000e+00,0.0000e+00
222,3.1053e+04,0.1493,0.4314,3.1053e+04,0.1493,0.4314,9.3500e+03,0.1299,0.1299,2.5860e+03,2.5860e+03,3.3174e+03,0.0000e+00,0.0000e+00,0.0000e+00
223,7.0378e+04,0.1919,0.6628,7.0378e+04,0.1919,0.6628,3.7104e+04,0.3494,0.3494,4.3186e+03,4.3186e+03,4.4081e+03,0.0000e+00,0.0000e+00,0.0000e+00
224,7.0219e+04,0.1330,0.3917,7.0219e+04,0.1330,0.3917,1.5455e+04,0.0862,0.0862,4.9895e+03,4.9895e+03,5.4773e+03,0.0000e+00,0.0000e+00,0.0000e+00
225,5.1420e+04,0.1572,0.5387,5.1420e+04,0.1572,0.5387,1.6556e+04,0.1735,0.1735,3.4424e+03,3.4424e+03,4.0721e+03,0.0000e+00,0.0000e+00,0.0000e+00
226,4.1344e+04,0.1180,0.3551,4.1344e+04,0.1180,0.3551,9.6446e+03,0.0828,0.0828,3.4230e+03,3.4230e+03,3.7621e+03,0.0000e+00,0.0000e+00,0.0000e+00
227,2.2914e+04,0.2462,0.4155,2.2914e+04,0.2462,0.4155,1.6804e+04,0.3047,0.3047,5.1978e+03,5.1978e+03,5.7195e+03,0.0000e+00,0.0000e+00,0.0000e+00
228,4.7437e+04,0.1514,0.4027,4.7437e+04,0.1514,0.4027,1.6556e+04,0.1406,0.1406,5.1879e+03,5.1879e+03,6.4554e+03,0.0000e+00,0.0000e+00,0.0000e+00
229,6.0524e+04,0.1871,0.6107,6.0524e+04,0.1871,0.6107,1.7641e+04,0.1780,0.1780,2.6245e+03,2.6245e+03,2.8056e+03,0.0000e+00,0.0000e+00,0.0000e+00
230,4.4990e+04,0.1250,0.3575,4.4990e+04,0.1250,0.3575,8.9193e+03,0.0709,0.0709,3.0313e+03,3.0313e+03,3.4706e+03,0.0000e+00,0.0000e+00,0.0000e+00
231,1.1227e+05,0.1671,0.4886,1.1227e+05,0.1671,0.4886,2.7273e+04,0.1187,0.1187,5.7486e+03,5.7486e+03,7.1770e+03,0.0000e+00,0.0000e+00,0.0000e+00
232,8.1856e+04,0.1341,0.4210,8.1856e+04,0.1341,0.4210,2.1673e+04,0.1115,0.1115,6.2859e+03,6.2859e+03,7.4815e+03,0.0000e+00,0.0000e+00,0.0000e+00
233,2.8817e+04,0.2341,0.6329,2.8817e+04,0.2341,0.6329,1.6980e+04,0.3729,0.3729,3.3151e+03,3.3151e+03,3.6203e+03,0.0000e+00,0.0000e+00,0.0000e+00
234,7.4384e+04,0.1558,0.3998,7.4384e+04,0.1558,0.3998,1.1643e+04,0.0626,0.0626,3.6599e+03,3.6599e+03,4.3770e+03,0.0000e+00,0.0000e+00,0.0000e+00
235,3.5603e+04,0.2072,0.5773,3.5603e+04,0.2072,0.5773,1.9025e+04,0.3085,0.3085,4.3928e+03,4.3928e+03,4.6208e+03,0.0000e+00,0.0000e+00,0.0000e+00
236,2.1727e+04,0.1477,0.2997,2.1727e+04,0.1477,0.2997,1.1094e+04,0.1530,0.1530,4.2108e+03,4.2108e+03,4.6414e+03,0.0000e+00,0.0000e+00,0.0000e+00
237,5.8911e+04,0.1761,0.4901,5.8911e+04,0.1761,0.4901,1.0677e+04,0.0888,0.0888,2.6858e+03,2.6858e+03,3.2708e+03,0.0000e+00,0.0000e+00,0.0000e+00
238,7.8807e+04,0.2160,0.3681,7.8807e+04,0.2160,0.3681,7.4379e+03,0.0347,0.0347,2.6466e+03,2.6466e+03,3.3235e+03,0.0000e+00,0.0000e+00,0.0000e+00
239,4.7018e+04,0.1408,0.4944,4.7018e+04,0.1408,0.4944,1.5306e+04,0.1610,0.1610,3.9650e+03,3.9650e+03,4.1957e+03,0.0000e+00,0.0000e+00,0.0000e+00
240,3.8752e+04,0.1477,0.3913,3.8752e+04,0.1477,0.3913,1.5874e+04,0.1603,0.1603,5.2532e+03,5.2532e+03,6.0180e+03,0.0000e+00,0.0000e+00,0.0000e+00
241,9.2807e+04,0.1740,0.5132,9.2807e+04,0.1740,0.5132,2.6601e+04,0.1471,0.1471,4.0518e+03,4.0518e+03,5.0374e+03,0.0000e+00,0.0000e+00,0.0000e+00
242,4.1307e+04,0.1441,0.4589,4.1307e+04,0.1441,0.4589,1.2603e+04,0.1400,0.1400,3.6726e+03,3.6726e+03,4.1210e+03,0.0000e+00,0.0000e+00,0.0000e+00
243,1.1706e+05,0.1958,0.6041,1.1706e+05,0.1958,0.6041,5.6392e+04,0.2910,0.2910,6.7332e+03,6.7332e+03,7.6862e+03,0.0000e+00,0.0000e+00,0.0000e+00
244,6.8903e+04,0.1283,0.3734,6.8903e+04,0.1283,0.3734,1.5427e+04,0.0836,0.0836,5.2133e+03,5.2133e+03,6.2898e+03,0.0000e+00,0.0000e+00,0.0000e+00
245,1.9458e+04,0.1795,0.5290,1.9458e+04,0.1795,0.5290,9.6385e+03,0.2620,0.2620,2.4124e+03,2.4124e+03,2.7150e+03,0.0000e+00,0.0000e+00,0.0000e+00
246,4.7618e+04,0.1585,0.4397,4.7618e+04,0.1585,0.4397,8.4098e+03,0.0777,0.0777,2.4199e+03,2.4199e+03,2.5439e+03,0.0000e+00,0.0000e+00,0.0000e+00
247,3.8520e+04,0.2473,0.5792,3.8520e+04,0.2473,0.5792,2.2908e+04,0.3444,0.3444,4.5961e+03,4.5961e+03,5.0801e+03,0.0000e+00,0.0000e+00,0.0000e+00
248,6.7323e+04,0.1170,0.3182,6.7323e+04,0.1170,0.3182,1.9042e+04,0.0900,0.0900,6.5949e+03,6.5949e+03,8.6202e+03,0.0000e+00,0.0000e+00,0.0000e+00
249,7.5232e+04,0.1748,0.5289,7.5232e+04,0.1748,0.5289,1.5639e+04,0.1100,0.1100,3.5053e+03,3.5053e+03,3.8800e+03,0.0000e+00,0.0000e+00,0.0000e+00
250,2.2453e+04,0.1502,0.3474,2.2453e+04,0.1502,0.3474,1.0006e+04,0.1548,0.1548,3.3789e+03,3.3789e+03,4.1544e+03,0.0000e+00,0.0000e+00,0.0000e+00
251,5.5301e+04,0.1673,0.5852,5.5301e+04,0.1673,0.5852,2.1661e+04,0.2292,0.2292,4.6246e+03,4.6246e+03,4.9236e+03,0.0000e+00,0.0000e+00,0.0000e+00
252,5.4441e+04,0.1409,0.4853,5.4441e+04,0.1409,0.4853,1.3351e+04,0.1190,0.1190,3.5447e+03,3.5447e+03,3.7613e+03,0.0000e+00,0.0000e+00,0.0000e+00
253,4.0822e+04,0.2127,0.6831,4.0822e+04,0.2127,0.6831,2.3328e+04,0.3904,0.3904,2.2901e+03,2.2901e+03,2.3571e+03,0.0000e+00,0.0000e+00,0.0000e+00
254,6.5933e+04,0.1929,0.4419,6.5933e+04,0.1929,0.4419,9.6881e+03,0.0649,0.0649,2.4510e+03,2.4510e+03,3.0913e+03,0.0000e+00,0.0000e+00,0.0000e+00
255,3.0893e+04,0.2951,0.6345,3.0893e+04,0.2951,0.6345,2.2330e+04,0.4587,0.4587,3.8109e+03,3.8109e+03,3.8749e+03,0.0000e+00,0.0000e+00,0.0000e+00
256,3.4181e+04,0.1254,0.3799,3.4181e+04,0.1254,0.3799,1.2874e+04,0.1431,0.1431,4.3270e+03,4.3270e+03,4.6571e+03,0.0000e+00,0.0000e+00,0.0000e+00
257,7.9661e+04,0.1897,0.5585,7.9661e+04,0.1897,0.5585,1.7981e+04,0.1261,0.1261,3.2506e+03,3.2506e+03,3.6049e+03,0.0000e+00,0.0000e+00,0.0000e+00
258,1.5287e+04,0.1698,0.3108,1.5287e+04,0.1698,0.3108,9.0459e+03,0.1839,0.1839,3.2977e+03,3.2977e+03,3.5680e+03,0.0000e+00,0.0000e+00,0.0000e+00
259,6.9377e+04,0.1638,0.5136,6.9377e+04,0.1638,0.5136,2.3924e+04,0.1771,0.1771,5.8608e+03,5.8608e+03,6.9823e+03,0.0000e+00,0.0000e+00,0.0000e+00
260,9.4954e+04,0.1414,0.3901,9.4954e+04,0.1414,0.3901,1.8854e+04,0.0775,0.0775,5.4342e+03,5.4342e+03,7.1313e+03,0.0000e+00,0.0000e+00,0.0000e+00
261,3.5540e+04,0.1827,0.6265,3.5540e+04,0.1827,0.6265,1.5774e+04,0.2781,0.2781,2.5937e+03,2.5937e+03,2.7644e+03,0.0000e+00,0.0000e+00,0.0000e+00
262,6.6747e+04,0.1814,0.4040,6.6747e+04,0.1814,0.4040,8.5392e+03,0.0517,0.0517,2.8061e+03,2.8061e+03,3.1310e+03,0.0000e+00,0.0000e+00,0.0000e+00
263,6.5001e+04,0.1583,0.5192,6.5001e+04,0.1583,0.5192,2.3317e+04,0.1862,0.1862,5.2314e+03,5.2314e+03,6.3335e+03,0.0000e+00,0.0000e+00,0.0000e+00
264,3.8790e+04,0.1771,0.4281,3.8790e+04,0.1771,0.4281,1.8197e+04,0.2008,0.2008,5.6854e+03,5.6854e+03,6.5553e+03,0.0000e+00,0.0000e+00,0.0000e+00
265,5.0871e+04,0.1832,0.6835,5.0871e+04,0.1832,0.6835,2.4440e+04,0.3284,0.3284,3.2287e+03,3.2287e+03,3.2570e+03,0.0000e+00,0.0000e+00,0.0000e+00
266,4.4614e+04,0.1379,0.4102,4.4614e+04,0.1379,0.4102,1.1508e+04,0.1058,0.1058,3.5862e+03,3.5862e+03,4.2852e+03,0.0000e+00,0.0000e+00,0.0000e+00
267,6.7425e+04,0.1641,0.6116,6.7425e+04,0.1641,0.6116,2.6087e+04,0.2366,0.2366,4.7319e+03,4.7319e+03,4.7699e+03,0.0000e+00,0.0000e+00,0.0000e+00
268,5.7479e+04,0.1205,0.3456,5.7479e+04,0.1205,0.3456,1.2381e+04,0.0745,0.0745,4.4449e+03,4.4449e+03,5.0981e+03,0.0000e+00,0.0000e+00,0.0000e+00
269,2.3773e+04,0.1526,0.4266,2.3773e+04,0.1526,0.4266,1.0018e+04,0.1798,0.1798,2.5473e+03,2.5473e+03,3.0040e+03,0.0000e+00,0.0000e+00,0.0000e+00
270,5.1003e+04,0.1386,0.3243,5.1003e+04,0.1386,0.3243,7.7147e+03,0.0491,0.0491,2.7951e+03,2.7951e+03,3.4210e+03,0.0000e+00,0.0000e+00,0.0000e+00
271,6.8601e+04,0.1565,0.5068,6.8601e+04,0.1565,0.5068,1.5478e+04,0.1143,0.1143,3.9197e+03,3.9197e+03,4.4943e+03,0.0000e+00,0.0000e+00,0.0000e+00
272,6.9536e+04,0.1277,0.3990,6.9536e+04,0.1277,0.3990,1.6766e+04,0.0962,0.0962,5.3329e+03,5.3329e+03,6.0556e+03,0.0000e+00,0.0000e+00,0.0000e+00
273,4.4594e+04,0.1925,0.5454,4.4594e+04,0.1925,0.5454,1.9474e+04,0.2382,0.2382,3.8394e+03,3.8394e+03,4.5614e+03,0.0000e+00,0.0000e+00,0.0000e+00
274,7.7104e+04,0.1501,0.4315,7.7104e+04,0.1501,0.4315,1.4197e+04,0.0795,0.0795,4.0568e+03,4.0568e+03,4.6840e+03,0.0000e+00,0.0000e+00,0.0000e+00
275,7.4170e+04,0.2331,0.5536,7.4170e+04,0.2331,0.5536,4.3653e+04,0.3258,0.3258,6.8111e+03,6.8111e+03,8.1475e+03,0.0000e+00,0.0000e+00,0.0000e+00
276,3.1652e+04,0.1458,0.3249,3.1652e+04,0.1458,0.3249,1.4695e+04,0.1509,0.1509,5.2872e+03,5.2872e+03,6.4343e+03,0.0000e+00,0.0000e+00,0.0000e+00
277,4.4311e+04,0.1599,0.5570,4.4311e+04,0.1599,0.5570,1.1817e+04,0.1485,0.1485,2.6049e+03,2.6049e+03,2.7429e+03,0.0000e+00,0.0000e+00,0.0000e+00
278,2.0870e+04,0.1360,0.4238,2.0870e+04,0.1360,0.4238,7.5062e+03,0.1524,0.1524,2.3875e+03,2.3875e+03,2.5574e+03,0.0000e+00,0.0000e+00,0.0000e+00
279,7.3579e+04,0.1623,0.5996,7.3579e+04,0.1623,0.5996,2.8749e+04,0.2343,0.2343,4.7971e+03,4.7971e+03,5.3313e+03,0.0000e+00,0.0000e+00,0.0000e+00
280,1.0563e+05,0.1378,0.3555,1.0563e+05,0.1378,0.3555,1.9128e+04,0.0644,0.0644,6.6917e+03,6.6917e+03,8.6166e+03,0.0000e+00,0.0000e+00,0.0000e+00
281,4.2977e+04,0.1442,0.5092,4.2977e+04,0.1442,0.5092,1.3803e+04,0.1636,0.1636,3.4378e+03,3.4378e+03,3.7316e+03,0.0000e+00,0.0000e+00,0.0000e+00
282,6.9859e+04,0.1478,0.3726,6.9859e+04,0.1478,0.3726,1.2096e+04,0.0645,0.0645,3.9000e+03,3.9000e+03,5.1666e+03,0.0000e+00,0.0000e+00,0.0000e+00
283,2.3614e+04,0.2514,0.4823,2.3614e+04,0.2514,0.4823,1.6462e+04,0.3362,0.3362,4.6055e+03,4.6055e+03,4.9750e+03,0.0000e+00,0.0000e+00,0.0000e+00
284,3.3662e+04,0.1525,0.4669,3.3662e+04,0.1525,0.4669,1.2904e+04,0.1790,0.1790,3.7645e+03,3.7645e+03,3.9449e+03,0.0000e+00,0.0000e+00,0.0000e+00
285,7.9496e+04,0.2145,0.6449,7.9496e+04,0.2145,0.6449,3.0990e+04,0.2514,0.2514,2.5958e+03,2.5958e+03,2.8119e+03,0.0000e+00,0.0000e+00,0.0000e+00
286,2.7688e+04,0.1309,0.3979,2.7688e+04,0.1309,0.3979,6.9054e+03,0.0992,0.0992,2.2772e+03,2.2772e+03,2.5884e+03,0.0000e+00,0.0000e+00,0.0000e+00
287,8.8770e+04,0.1638,0.5186,8.8770e+04,0.1638,0.5186,2.5706e+04,0.1502,0.1502,4.8659e+03,4.8659e+03,5.8791e+03,0.0000e+00,0.0000e+00,0.0000e+00
288,9.6753e+04,0.1514,0.4652,9.6753e+04,0.1514,0.4652,2.0751e+04,0.0998,0.0998,5.5679e+03,5.5679e+03,6.5944e+03,0.0000e+00,0.0000e+00,0.0000e+00
289,4.3486e+04,0.1958,0.6995,4.3486e+04,0.1958,0.6995,2.4669e+04,0.3968,0.3968,2.9025e+03,2.9025e+03,3.0691e+03,0.0000e+00,0.0000e+00,0.0000e+00
290,5.9845e+04,0.1450,0.4469,5.9845e+04,0.1450,0.4469,1.2746e+04,0.0952,0.0952,3.8572e+03,3.8572e+03,4.4575e+03,0.0000e+00,0.0000e+00,0.0000e+00
291,2.3786e+04,0.2991,0.5466,2.3786e+04,0.2991,0.5466,1.7546e+04,0.4032,0.4032,4.4780e+03,4.4780e+03,4.6673e+03,0.0000e+00,0.0000e+00,0.0000e+00
292,3.9141e+04,0.1223,0.3495,3.9141e+04,0.1223,0.3495,1.2740e+04,0.1138,0.1138,4.5508e+03,4.5508e+03,4.9401e+03,0.0000e+00,0.0000e+00,0.0000e+00
293,8.1340e+04,0.1889,0.4897,8.1340e+04,0.1889,0.4897,1.3800e+04,0.0831,0.0831,3.1216e+03,3.1216e+03,3.8581e+03,0.0000e+00,0.0000e+00,0.0000e+00
294,5.7800e+04,0.1435,0.4135,5.7800e+04,0.1435,0.4135,1.2842e+04,0.0919,0.0919,3.5872e+03,3.5872e+03,4.6739e+03,0.0000e+00,0.0000e+00,0.0000e+00
295,8.9106e+04,0.1907,0.6614,8.9106e+04,0.1907,0.6614,3.8043e+04,0.2824,0.2824,5.0689e+03,5.0689e+03,5.2885e+03,0.0000e+00,0.0000e+00,0.0000e+00
296,5.9675e+04,0.1155,0.3491,5.9675e+04,0.1155,0.3491,1.7166e+04,0.1004,0.1004,5.7531e+03,5.7531e+03,6.3275e+03,0.0000e+00,0.0000e+00,0.0000e+00
297,3.2227e+04,0.1909,0.5095,3.2227e+04,0.1909,0.5095,1.5602e+04,0.2467,0.2467,3.9560e+03,3.9560e+03,4.5585e+03,0.0000e+00,0.0000e+00,0.0000e+00
298,5.3435e+04,0.1307,0.3453,5.3435e+04,0.1307,0.3453,9.2030e+03,0.0595,0.0595,3.3047e+03,3.3047e+03,3.6398e+03,0.0000e+00,0.0000e+00,0.0000e+00
299,4.5779e+04,0.1728,0.4723,4.5779e+04,0.1728,0.4723,1.9602e+04,0.2022,0.2022,5.4834e+03,5.4834e+03,6.2187e+03,0.0000e+00,0.0000e+00,0.0000e+00
300,2.4235e+04,0.1715,0.3371,2.4235e+04,0.1715,0.3371,1.3946e+04,0.1940,0.1940,4.7241e+03,4.7241e+03,5.6578e+03,0.0000e+00,0.0000e+00,0.0000e+00
301,4.7054e+04,0.1733,0.6016,4.7054e+04,0.1733,0.6016,1.4071e+04,0.1799,0.1799,2.4317e+03,2.4317e+03,2.6329e+03,0.0000e+00,0.0000e+00,0.0000e+00
302,5.5627e+04,0.1848,0.4160,5.5627e+04,0.1848,0.4160,7.4200e+03,0.0555,0.0555,2.2949e+03,2.2949e+03,2.4244e+03,0.0000e+00,0.0000e+00,0.0000e+00
303,5.4032e+04,0.1641,0.5439,5.4032e+04,0.1641,0.5439,2.2517e+04,0.2266,0.2266,4.5595e+03,4.5595e+03,5.1939e+03,0.0000e+00,0.0000e+00,0.0000e+00
304,3.6686e+04,0.1689,0.3080,3.6686e+04,0.1689,0.3080,1.6550e+04,0.1390,0.1390,6.1028e+03,6.1028e+03,7.4760e+03,0.0000e+00,0.0000e+00,0.0000e+00
305,5.7472e+04,0.1506,0.4834,5.7472e+04,0.1506,0.4834,1.2914e+04,0.1086,0.1086,3.3412e+03,3.3412e+03,3.7400e+03,0.0000e+00,0.0000e+00,0.0000e+00
306,4.2510e+04,0.1269,0.3484,4.2510e+04,0.1269,0.3484,1.2562e+04,0.1030,0.1030,4.3933e+03,4.3933e+03,5.5091e+03,0.0000e+00,0.0000e+00,0.0000e+00
307,6.9259e+04,0.1447,0.5226,6.9259e+04,0.1447,0.5226,2.2979e+04,0.1734,0.1734,5.4069e+03,5.4069e+03,5.8415e+03,0.0000e+00,0.0000e+00,0.0000e+00
308,4.2727e+04,0.1377,0.4519,4.2727e+04,0.1377,0.4519,1.3909e+04,0.1471,0.1471,4.2428e+03,4.2428e+03,4.5336e+03,0.0000e+00,0.0000e+00,0.0000e+00
309,1.6907e+04,0.2738,0.5536,1.6907e+04,0.2738,0.5536,1.2083e+04,0.3957,0.3957,2.7455e+03,2.7455e+03,2.9971e+03,0.0000e+00,0.0000e+00,0.0000e+00
310,6.9516e+04,0.1605,0.3378,6.9516e+04,0.1605,0.3378,8.8022e+03,0.0428,0.0428,3.1270e+03,3.1270e+03,4.0365e+03,0.0000e+00,0.0000e+00,0.0000e+00
311,2.9414e+04,0.1843,0.4694,2.9414e+04,0.1843,0.4694,1.4986e+04,0.2392,0.2392,4.1404e+03,4.1404e+03,4.4386e+03,0.0000e+00,0.0000e+00,0.0000e+00
312,5.0810e+04,0.1280,0.4018,5.0810e+04,0.1280,0.4018,1.7153e+04,0.1356,0.1356,5.4694e+03,5.4694e+03,6.0759e+03,0.0000e+00,0.0000e+00,0.0000e+00
313,1.1217e+05,0.1958,0.5466,1.1217e+05,0.1958,0.5466,3.0652e+04,0.1494,0.1494,4.4512e+03,4.4512e+03,5.4982e+03,0.0000e+00,0.0000e+00,0.0000e+00
314,1.9154e+04,0.1654,0.4201,1.9154e+04,0.1654,0.4201,9.5024e+03,0.2084,0.2084,2.9203e+03,2.9203e+03,3.2696e+03,0.0000e+00,0.0000e+00,0.0000e+00
315,8.8395e+04,0.2198,0.6128,8.8395e+04,0.2198,0.6128,4.8435e+04,0.3358,0.3358,5.9093e+03,5.9093e+03,6.6941e+03,0.0000e+00,0.0000e+00,0.0000e+00
316,8.0523e+04,0.1424,0.3753,8.0523e+04,0.1424,0.3753,1.3724e+04,0.0640,0.0640,4.5328e+03,4.5328e+03,5.4908e+03,0.0000e+00,0.0000e+00,0.0000e+00
317,2.7548e+04,0.1590,0.5860,2.7548e+04,0.1590,0.5860,8.7378e+03,0.1859,0.1859,1.8873e+03,1.8873e+03,1.9982e+03,0.0000e+00,0.0000e+00,0.0000e+00
318,8.1132e+04,0.2076,0.3409,8.1132e+04,0.2076,0.3409,8.1775e+03,0.0344,0.0344,2.7592e+03,2.7592e+03,3.6314e+03,0.0000e+00,0.0000e+00,0.0000e+00
319,4.0344e+04,0.1460,0.4911,4.0344e+04,0.1460,0.4911,1.5460e+04,0.1882,0.1882,3.9365e+03,3.9365e+03,4.3616e+03,0.0000e+00,0.0000e+00,0.0000e+00
320,2.1357e+04,0.2141,0.3869,2.1357e+04,0.2141,0.3869,1.2845e+04,0.2327,0.2327,4.3718e+03,4.3718e+03,4.8803e+03,0.0000e+00,0.0000e+00,0.0000e+00
321,6.4958e+04,0.1728,0.5919,6.4958e+04,0.1728,0.5919,2.2602e+04,0.2059,0.2059,3.4286e+03,3.4286e+03,3.8228e+03,0.0000e+00,0.0000e+00,0.0000e+00
322,3.6022e+04,0.1418,0.4781,3.6022e+04,0.1418,0.4781,1.1244e+04,0.1492,0.1492,3.1174e+03,3.1174e+03,3.3565e+03,0.0000e+00,0.0000e+00,0.0000e+00
323,1.0372e+05,0.1919,0.6661,1.0372e+05,0.1919,0.6661,5.5396e+04,0.3558,0.3558,6.0056e+03,6.0056e+03,6.2976e+03,0.0000e+00,0.0000e+00,0.0000e+00
324,8.1737e+04,0.1412,0.3950,8.1737e+04,0.1412,0.3950,1.6241e+04,0.0785,0.0785,5.3175e+03,5.3175e+03,6.7377e+03,0.0000e+00,0.0000e+00,0.0000e+00
325,2.6039e+04,0.1629,0.5619,2.6039e+04,0.1629,0.5619,1.0911e+04,0.2355,0.2355,2.4504e+03,2.4504e+03,2.5462e+03,0.0000e+00,0.0000e+00,0.0000e+00
326,4.9838e+04,0.1377,0.3953,4.9838e+04,0.1377,0.3953,9.7071e+03,0.0770,0.0770,3.0233e+03,3.0233e+03,3.4817e+03,0.0000e+00,0.0000e+00,0.0000e+00
327,2.5207e+04,0.3058,0.4767,2.5207e+04,0.3058,0.4767,1.8858e+04,0.3566,0.3566,4.8931e+03,4.8931e+03,5.6343e+03,0.0000e+00,0.0000e+00,0.0000e+00
328,4.6432e+04,0.1287,0.3102,4.6432e+04,0.1287,0.3102,1.7408e+04,0.1163,0.1163,6.4405e+03,6.4405e+03,7.8371e+03,0.0000e+00,0.0000e+00,0.0000e+00
329,5.9523e+04,0.1545,0.4982,5.9523e+04,0.1545,0.4982,1.4677e+04,0.1228,0.1228,3.6625e+03,3.6625e+03,3.9425e+03,0.0000e+00,0.0000e+00,0.0000e+00
330,2.7756e+04,0.1205,0.3328,2.7756e+04,0.1205,0.3328,1.0297e+04,0.1235,0.1235,3.5965e+03,3.5965e+03,4.1843e+03,0.0000e+00,0.0000e+00,0.0000e+00
331,5.3047e+04,0.1553,0.5550,5.3047e+04,0.1553,0.5550,1.9486e+04,0.2039,0.2039,4.6304e+03,4.6304e+03,4.9306e+03,0.0000e+00,0.0000e+00,0.0000e+00
332,7.2995e+04,0.1462,0.4463,7.2995e+04,0.1462,0.4463,1.5060e+04,0.0921,0.0921,4.2685e+03,4.2685e+03,4.8474e+03,0.0000e+00,0.0000e+00,0.0000e+00
333,5.4190e+04,0.1942,0.6266,5.4190e+04,0.1942,0.6266,2.2062e+04,0.2551,0.2551,2.8279e+03,2.8279e+03,3.2848e+03,0.0000e+00,0.0000e+00,0.0000e+00
334,1.9206e+04,0.1750,0.4122,1.9206e+04,0.1750,0.4122,8.4053e+03,0.1804,0.1804,2.6475e+03,2.6475e+03,3.0888e+03,0.0000e+00,0.0000e+00,0.0000e+00
335,5.0351e+04,0.1795,0.6439,5.0351e+04,0.1795,0.6439,2.3946e+04,0.3063,0.3063,4.0413e+03,4.0413e+03,4.0221e+03,0.0000e+00,0.0000e+00,0.0000e+00
336,7.4717e+04,0.1253,0.3678,7.4717e+04,0.1253,0.3678,1.6210e+04,0.0798,0.0798,5.6140e+03,5.6140e+03,6.4209e+03,0.0000e+00,0.0000e+00,0.0000e+00
337,4.9718e+04,0.1500,0.4613,4.9718e+04,0.1500,0.4613,1.7613e+04,0.1634,0.1634,4.0536e+03,4.0536e+03,5.0406e+03,0.0000e+00,0.0000e+00,0.0000e+00
338,5.7263e+04,0.1249,0.3411,5.7263e+04,0.1249,0.3411,1.0997e+04,0.0655,0.0655,4.0384e+03,4.0384e+03,4.5366e+03,0.0000e+00,0.0000e+00,0.0000e+00
339,4.0941e+04,0.1809,0.4211,4.0941e+04,0.1809,0.4211,2.1115e+04,0.2172,0.2172,6.2472e+03,6.2472e+03,7.4833e+03,0.0000e+00,0.0000e+00,0.0000e+00
340,5.2705e+04,0.1287,0.3894,5.2705e+04,0.1287,0.3894,1.5671e+04,0.1158,0.1158,5.1923e+03,5.1923e+03,6.1514e+03,0.0000e+00,0.0000e+00,0.0000e+00
341,5.6052e+04,0.1756,0.5918,5.6052e+04,0.1756,0.5918,1.4619e+04,0.1544,0.1544,2.6474e+03,2.6474e+03,2.7265e+03,0.0000e+00,0.0000e+00,0.0000e+00
342,3.4550e+04,0.1218,0.3759,3.4550e+04,0.1218,0.3759,8.1243e+03,0.0884,0.0884,2.7138e+03,2.7138e+03,2.9404e+03,0.0000e+00,0.0000e+00,0.0000e+00
343,8.7693e+04,0.1668,0.5526,8.7693e+04,0.1668,0.5526,2.3607e+04,0.1488,0.1488,4.9749e+03,4.9749e+03,5.8922e+03,0.0000e+00,0.0000e+00,0.0000e+00
344,8.8416e+04,0.1336,0.3929,8.8416e+04,0.1336,0.3929,2.5098e+04,0.1115,0.1115,6.8328e+03,6.8328e+03,8.8644e+03,0.0000e+00,0.0000e+00,0.0000e+00
345,2.8278e+04,0.2647,0.6095,2.8278e+04,0.2647,0.6095,1.9072e+04,0.4111,0.4111,3.6564e+03,3.6564e+03,3.8676e+03,0.0000e+00,0.0000e+00,0.0000e+00
346,9.8808e+04,0.1839,0.3924,9.8808e+04,0.1839,0.3924,1.3316e+04,0.0529,0.0529,3.9198e+03,3.9198e+03,4.9799e+03,0.0000e+00,0.0000e+00,0.0000e+00
347,5.5736e+04,0.1899,0.6076,5.5736e+04,0.1899,0.6076,2.5153e+04,0.2742,0.2742,4.9484e+03,4.9484e+03,5.3055e+03,0.0000e+00,0.0000e+00,0.0000e+00
348,2.5777e+04,0.1238,0.3199,2.5777e+04,0.1238,0.3199,1.0292e+04,0.1277,0.1277,3.7745e+03,3.7745e+03,4.2715e+03,0.0000e+00,0.0000e+00,0.0000e+00
349,6.5529e+04,0.1956,0.4943,6.5529e+04,0.1956,0.4943,1.0569e+04,0.0797,0.0797,2.5047e+03,2.5047e+03,2.9419e+03,0.0000e+00,0.0000e+00,0.0000e+00
350,3.0267e+04,0.1296,0.4198,3.0267e+04,0.1296,0.4198,7.3870e+03,0.1024,0.1024,2.2026e+03,2.2026e+03,2.5084e+03,0.0000e+00,0.0000e+00,0.0000e+00
351,9.6517e+04,0.1834,0.5810,9.6517e+04,0.1834,0.5810,3.4682e+04,0.2088,0.2088,4.8965e+03,4.8965e+03,5.7279e+03,0.0000e+00,0.0000e+00,0.0000e+00
352,6.2367e+04,0.1163,0.3405,6.2367e+04,0.1163,0.3405,1.5933e+04,0.0870,0.0870,5.5902e+03,5.5902e+03,6.5672e+03,0.0000e+00,0.0000e+00,0.0000e+00
353,1.4602e+04,0.2373,0.4808,1.4602e+04,0.2373,0.4808,9.0323e+03,0.2974,0.2974,2.6867e+03,2.6867e+03,2.8590e+03,0.0000e+00,0.0000e+00,0.0000e+00
354,8.8139e+04,0.1578,0.3779,8.8139e+04,0.1578,0.3779,1.3210e+04,0.0566,0.0566,4.2058e+03,4.2058e+03,5.2353e+03,0.0000e+00,0.0000e+00,0.0000e+00
355,4.6043e+04,0.1889,0.5504,4.6043e+04,0.1889,0.5504,2.2486e+04,0.2688,0.2688,5.1077e+03,5.1077e+03,5.3943e+03,0.0000e+00,0.0000e+00,0.0000e+00
356,3.0774e+04,0.1759,0.4350,3.0774e+04,0.1759,0.4350,1.5123e+04,0.2138,0.2138,4.5170e+03,4.5170e+03,5.0620e+03,0.0000e+00,0.0000e+00,0.0000e+00
357,9.5279e+04,0.2378,0.6252,9.5279e+04,0.2378,0.6252,4.8368e+04,0.3174,0.3174,3.5378e+03,3.5378e+03,4.0612e+03,0.0000e+00,0.0000e+00,0.0000e+00
358,2.5433e+04,0.1342,0.3215,2.5433e+04,0.1342,0.3215,9.1707e+03,0.1159,0.1159,3.3727e+03,3.3727e+03,4.1793e+03,0.0000e+00,0.0000e+00,0.0000e+00
359,5.6404e+04,0.1389,0.4886,5.6404e+04,0.1389,0.4886,1.7816e+04,0.1543,0.1543,4.6093e+03,4.6093e+03,5.0229e+03,0.0000e+00,0.0000e+00,0.0000e+00
360,6.1844e+04,0.1307,0.4294,6.1844e+04,0.1307,0.4294,1.6563e+04,0.1150,0.1150,5.2546e+03,5.2546e+03,5.6387e+03,0.0000e+00,0.0000e+00,0.0000e+00
361,4.2662e+04,0.1733,0.5872,4.2662e+04,0.1733,0.5872,1.9095e+04,0.2628,0.2628,3.8374e+03,3.8374e+03,4.2248e+03,0.0000e+00,0.0000e+00,0.0000e+00
362,5.3333e+04,0.1458,0.4591,5.3333e+04,0.1458,0.4591,1.1557e+04,0.0995,0.0995,3.2159e+03,3.2159e+03,3.3717e+03,0.0000e+00,0.0000e+00,0.0000e+00
363,4.6467e+04,0.2369,0.5790,4.6467e+04,0.2369,0.5790,3.1215e+04,0.3890,0.3890,5.5613e+03,5.5613e+03,6.0735e+03,0.0000e+00,0.0000e+00,0.0000e+00
364,6.1909e+04,0.1309,0.3511,6.1909e+04,0.1309,0.3511,1.5682e+04,0.0889,0.0889,5.1031e+03,5.1031e+03,6.1978e+03,0.0000e+00,0.0000e+00,0.0000e+00
365,7.0626e+04,0.2118,0.5264,7.0626e+04,0.2118,0.5264,1.2493e+04,0.0931,0.0931,2.4795e+03,2.4795e+03,2.7226e+03,0.0000e+00,0.0000e+00,0.0000e+00
366,4.0259e+04,0.1456,0.3798,4.0259e+04,0.1456,0.3798,6.5712e+03,0.0620,0.0620,2.2275e+03,2.2275e+03,2.6038e+03,0.0000e+00,0.0000e+00,0.0000e+00
367,2.4056e+04,0.2139,0.4351,2.4056e+04,0.2139,0.4351,1.3835e+04,0.2502,0.2502,4.1894e+03,4.1894e+03,4.9531e+03,0.0000e+00,0.0000e+00,0.0000e+00
368,5.4226e+04,0.1391,0.3892,5.4226e+04,0.1391,0.3892,2.0090e+04,0.1442,0.1442,5.9498e+03,5.9498e+03,7.3542e+03,0.0000e+00,0.0000e+00,0.0000e+00
369,6.9354e+04,0.1886,0.6495,6.9354e+04,0.1886,0.6495,2.4996e+04,0.2341,0.2341,3.2995e+03,3.2995e+03,3.4363e+03,0.0000e+00,0.0000e+00,0.0000e+00
370,4.0503e+04,0.1372,0.3484,4.0503e+04,0.1372,0.3484,1.4332e+04,0.1233,0.1233,4.5416e+03,4.5416e+03,5.8408e+03,0.0000e+00,0.0000e+00,0.0000e+00
371,6.9489e+04,0.1685,0.5957,6.9489e+04,0.1685,0.5957,2.7055e+04,0.2319,0.2319,5.5605e+03,5.5605e+03,5.9058e+03,0.0000e+00,0.0000e+00,0.0000e+00
372,7.2718e+04,0.1230,0.3257,7.2718e+04,0.1230,0.3257,1.3205e+04,0.0591,0.0591,4.7867e+03,4.7867e+03,5.2251e+03,0.0000e+00,0.0000e+00,0.0000e+00
373,5.3240e+04,0.1509,0.4780,5.3240e+04,0.1509,0.4780,1.2196e+04,0.1095,0.1095,3.1851e+03,3.1851e+03,3.9574e+03,0.0000e+00,0.0000e+00,0.0000e+00
374,6.6579e+04,0.1831,0.4646,6.6579e+04,0.1831,0.4646,1.0461e+04,0.0730,0.0730,2.7950e+03,2.7950e+03,3.2231e+03,0.0000e+00,0.0000e+00,0.0000e+00
375,3.1495e+04,0.2388,0.6553,3.1495e+04,0.2388,0.6553,2.0583e+04,0.4283,0.4283,3.8700e+03,3.8700e+03,3.8520e+03,0.0000e+00,0.0000e+00,0.0000e+00
376,1.8113e+04,0.2301,0.3233,1.8113e+04,0.2301,0.3233,1.3307e+04,0.2375,0.2375,4.9159e+03,4.9159e+03,5.3298e+03,0.0000e+00,0.0000e+00,0.0000e+00
377,6.5293e+04,0.1508,0.5108,6.5293e+04,0.1508,0.5108,1.9959e+04,0.1561,0.1561,4.0611e+03,4.0611e+03,4.9704e+03,0.0000e+00,0.0000e+00,0.0000e+00
378,4.1511e+04,0.1264,0.3574,4.1511e+04,0.1264,0.3575,9.1919e+03,0.0792,0.0792,3.2661e+03,3.2661e+03,3.7882e+03,0.0000e+00,0.0000e+00,0.0000e+00
379,1.0758e+05,0.1556,0.4640,1.0758e+05,0.1556,0.4640,2.5354e+04,0.1093,0.1093,5.9636e+03,5.9636e+03,7.6577e+03,0.0000e+00,0.0000e+00,0.0000e+00
380,7.0507e+04,0.1418,0.4175,7.0507e+04,0.1418,0.4175,1.4899e+04,0.0882,0.0882,4.5186e+03,4.5186e+03,5.5617e+03,0.0000e+00,0.0000e+00,0.0000e+00
381,1.9117e+04,0.1815,0.6036,1.9117e+04,0.1815,0.6036,9.6293e+03,0.3040,0.3040,1.8979e+03,1.8979e+03,1.9158e+03,0.0000e+00,0.0000e+00,0.0000e+00
382,4.4984e+04,0.1516,0.3796,4.4984e+04,0.1516,0.3796,6.9975e+03,0.0591,0.0591,2.3582e+03,2.3582e+03,2.8623e+03,0.0000e+00,0.0000e+00,0.0000e+00
383,6.4486e+04,0.1610,0.5522,6.4486e+04,0.1610,0.5522,1.6716e+04,0.1431,0.1431,3.5710e+03,3.5710e+03,4.0511e+03,0.0000e+00,0.0000e+00,0.0000e+00
384,6.4689e+04,0.1432,0.4603,6.4689e+04,0.1432,0.4603,1.6876e+04,0.1201,0.1201,4.9037e+03,4.9037e+03,5.5143e+03,0.0000e+00,0.0000e+00,0.0000e+00
385,4.0742e+04,0.2254,0.5722,4.0742e+04,0.2254,0.5722,2.3585e+04,0.3312,0.3312,3.5393e+03,3.5393e+03,4.1451e+03,0.0000e+00,0.0000e+00,0.0000e+00
386,6.0927e+04,0.1467,0.4185,6.0927e+04,0.1467,0.4185,1.1126e+04,0.0764,0.0764,3.4419e+03,3.4419e+03,3.7076e+03,0.0000e+00,0.0000e+00,0.0000e+00
387,5.1359e+04,0.1854,0.5402,5.1359e+04,0.1854,0.5402,2.6774e+04,0.2816,0.2816,5.6861e+03,5.6861e+03,6.5955e+03,0.0000e+00,0.0000e+00,0.0000e+00
388,2.1757e+04,0.1781,0.3109,2.1757e+04,0.1781,0.3109,1.1826e+04,0.1690,0.1690,4.5245e+03,4.5245e+03,5.1059e+03,0.0000e+00,0.0000e+00,0.0000e+00
389,3.7116e+04,0.1513,0.5041,3.7116e+04,0.1513,0.5041,8.9786e+03,0.1220,0.1220,2.2295e+03,2.2295e+03,2.3879e+03,0.0000e+00,0.0000e+00,0.0000e+00
390,2.7462e+04,0.1359,0.4423,2.7462e+04,0.1359,0.4423,9.6557e+03,0.1555,0.1555,2.6597e+03,2.6597e+03,2.8802e+03,0.0000e+00,0.0000e+00,0.0000e+00
391,9.4100e+04,0.2065,0.6624,9.4100e+04,0.2065,0.6624,5.0946e+04,0.3586,0.3586,5.4244e+03,5.4244e+03,5.8929e+03,0.0000e+00,0.0000e+00,0.0000e+00
392,1.1818e+05,0.1373,0.3577,1.1818e+05,0.1373,0.3577,2.1870e+04,0.0662,0.0662,6.9995e+03,6.9995e+03,9.2692e+03,0.0000e+00,0.0000e+00,0.0000e+00
393,5.3074e+04,0.1640,0.5667,5.3074e+04,0.1640,0.5667,1.8148e+04,0.1938,0.1938,3.7921e+03,3.7921e+03,4.1718e+03,0.0000e+00,0.0000e+00,0.0000e+00
394,7.0564e+04,0.1366,0.3337,7.0564e+04,0.1366,0.3337,1.1530e+04,0.0545,0.0545,3.9885e+03,3.9885e+03,5.1582e+03,0.0000e+00,0.0000e+00,0.0000e+00
395,2.7209e+04,0.2252,0.4684,2.7209e+04,0.2252,0.4684,1.6234e+04,0.2795,0.2795,4.7414e+03,4.7414e+03,5.2114e+03,0.0000e+00,0.0000e+00,0.0000e+00
396,3.5131e+04,0.1339,0.4243,3.5131e+04,0.1339,0.4243,1.2230e+04,0.1477,0.1477,3.8267e+03,3.8267e+03,4.1594e+03,0.0000e+00,0.0000e+00,0.0000e+00
397,7.3645e+04,0.2157,0.6085,7.3645e+04,0.2157,0.6085,1.8459e+04,0.1525,0.1525,2.5363e+03,2.5363e+03,2.7324e+03,0.0000e+00,0.0000e+00,0.0000e+00
398,7.5711e+04,0.1855,0.3992,7.5711e+04,0.1855,0.3992,1.0349e+04,0.0546,0.0546,3.0227e+03,3.0227e+03,3.9130e+03,0.0000e+00,0.0000e+00,0.0000e+00
399,4.4785e+04,0.1305,0.3660,4.4785e+04,0.1305,0.3660,1.6181e+04,0.1322,0.1322,5.5210e+03,5.5210e+03,6.5283e+03,0.0000e+00,0.0000e+00,0.0000e+00
400,6.3184e+04,0.1681,0.4256,6.3184e+04,0.1681,0.4256,1.0569e+04,0.0712,0.0712,2.8014e+03,2.8014e+03,3.6364e+03,0.0000e+00,0.0000e+00,0.0000e+00
401,2.6399e+04,0.3171,0.5901,2.6399e+04,0.3171,0.5901,2.0148e+04,0.4504,0.4504,3.9934e+03,3.9934e+03,4.1635e+03,0.0000e+00,0.0000e+00,0.0000e+00
402,7.1701e+04,0.1697,0.3487,7.1701e+04,0.1697,0.3487,8.8956e+03,0.0433,0.0433,3.0705e+03,3.0705e+03,3.5328e+03,0.0000e+00,0.0000e+00,0.0000e+00
403,7.1564e+04,0.1578,0.4604,7.1564e+04,0.1578,0.4604,2.3230e+04,0.1494,0.1494,5.6456e+03,5.6456e+03,7.2573e+03,0.0000e+00,0.0000e+00,0.0000e+00
404,7.8245e+04,0.1856,0.6011,7.8245e+04,0.1856,0.6011,2.6982e+04,0.2073,0.2073,4.1883e+03,4.1883e+03,4.9845e+03,0.0000e+00,0.0000e+00,0.0000e+00
405,3.4311e+04,0.1581,0.3922,3.4311e+04,0.1581,0.3922,1.6501e+04,0.1886,0.1886,5.3145e+03,5.3145e+03,5.7074e+03,0.0000e+00,0.0000e+00,0.0000e+00
406,3.3271e+04,0.1869,0.6534,3.3271e+04,0.1869,0.6534,1.4552e+04,0.2858,0.2858,2.0023e+03,2.0023e+03,2.1750e+03,0.0000e+00,0.0000e+00,0.0000e+00
407,8.5266e+04,0.1631,0.4578,8.5266e+04,0.1631,0.4578,1.5547e+04,0.0835,0.0835,4.3631e+03,4.3631e+03,5.2029e+03,0.0000e+00,0.0000e+00,0.0000e+00
408,2.9404e+04,0.1415,0.3444,2.9404e+04,0.1415,0.3444,1.0221e+04,0.1197,0.1197,3.5605e+03,3.5605e+03,4.4947e+03,0.0000e+00,0.0000e+00,0.0000e+00
409,6.3549e+04,0.1483,0.5251,6.3549e+04,0.1483,0.5251,2.1351e+04,0.1764,0.1764,4.9225e+03,4.9225e+03,5.4276e+03,0.0000e+00,0.0000e+00,0.0000e+00
410,3.3707e+04,0.1302,0.3985,3.3707e+04,0.1302,0.3985,1.0867e+04,0.1285,0.1285,3.5019e+03,3.5019e+03,3.8384e+03,0.0000e+00,0.0000e+00,0.0000e+00
411,9.6260e+04,0.1629,0.5420,9.6260e+04,0.1629,0.5420,3.4732e+04,0.1956,0.1956,6.2093e+03,6.2093e+03,7.5087e+03,0.0000e+00,0.0000e+00,0.0000e+00
412,1.2969e+04,0.2260,0.4167,1.2969e+04,0.2260,0.4167,8.4249e+03,0.2707,0.2707,2.5434e+03,2.5434e+03,2.9400e+03,0.0000e+00,0.0000e+00,0.0000e+00
413,4.4605e+04,0.1210,0.3399,4.4605e+04,0.1210,0.3399,1.2522e+04,0.0954,0.0954,4.2513e+03,4.2513e+03,4.8744e+03,0.0000e+00,0.0000e+00,0.0000e+00
414,2.6548e+04,0.2414,0.6272,2.6548e+04,0.2414,0.6272,1.7746e+04,0.4193,0.4193,3.2092e+03,3.2092e+03,3.4438e+03,0.0000e+00,0.0000e+00,0.0000e+00
415,7.4769e+04,0.1392,0.4540,7.4769e+04,0.1392,0.4540,2.0939e+04,0.1271,0.1271,5.9218e+03,5.9218e+03,7.0095e+03,0.0000e+00,0.0000e+00,0.0000e+00
416,5.2111e+04,0.1415,0.3817,5.2111e+04,0.1415,0.3817,9.9021e+03,0.0725,0.0725,3.2509e+03,3.2509e+03,4.1302e+03,0.0000e+00,0.0000e+00,0.0000e+00
417,7.5348e+04,0.1577,0.5631,7.5348e+04,0.1577,0.5631,2.1594e+04,0.1614,0.1614,4.5094e+03,4.5094e+03,4.8585e+03,0.0000e+00,0.0000e+00,0.0000e+00
418,1.7005e+04,0.1502,0.4071,1.7005e+04,0.1502,0.4071,6.6561e+03,0.1594,0.1594,2.2229e+03,2.2229e+03,2.4347e+03,0.0000e+00,0.0000e+00,0.0000e+00
419,7.9375e+04,0.1811,0.5476,7.9375e+04,0.1811,0.5476,3.0408e+04,0.2098,0.2098,4.9835e+03,4.9835e+03,6.1665e+03,0.0000e+00,0.0000e+00,0.0000e+00
420,4.2092e+04,0.1436,0.4748,4.2092e+04,0.1436,0.4748,1.3949e+04,0.1574,0.1574,3.4830e+03,3.4830e+03,4.1628e+03,0.0000e+00,0.0000e+00,0.0000e+00
421,6.2827e+04,0.1214,0.3586,6.2827e+04,0.1214,0.3586,1.4272e+04,0.0815,0.0815,4.9508e+03,4.9508e+03,5.3559e+03,0.0000e+00,0.0000e+00,0.0000e+00
422,4.6660e+04,0.1577,0.5363,4.6660e+04,0.1577,0.5363,1.1982e+04,0.1377,0.1377,2.7146e+03,2.7146e+03,2.8925e+03,0.0000e+00,0.0000e+00,0.0000e+00
423,3.1508e+04,0.1338,0.3044,3.1508e+04,0.1338,0.3044,1.4870e+04,0.1437,0.1437,5.3655e+03,5.3655e+03,6.4164e+03,0.0000e+00,0.0000e+00,0.0000e+00
424,1.0096e+05,0.1583,0.3990,1.0096e+05,0.1583,0.3990,1.7064e+04,0.0674,0.0674,4.8521e+03,4.8521e+03,6.4320e+03,0.0000e+00,0.0000e+00,0.0000e+00
425,5.4384e+04,0.2226,0.6040,5.4384e+04,0.2226,0.6040,3.0732e+04,0.3413,0.3413,5.8002e+03,5.8002e+03,6.3401e+03,0.0000e+00,0.0000e+00,0.0000e+00
426,5.9996e+04,0.1307,0.3314,5.9996e+04,0.1307,0.3314,9.7651e+03,0.0539,0.0539,3.6104e+03,3.6104e+03,4.0534e+03,0.0000e+00,0.0000e+00,0.0000e+00
427,4.9724e+04,0.1848,0.4498,4.9724e+04,0.1848,0.4498,2.1388e+04,0.1935,0.1935,6.0221e+03,6.0221e+03,7.3421e+03,0.0000e+00,0.0000e+00,0.0000e+00
428,8.0835e+04,0.2234,0.5508,8.0835e+04,0.2234,0.5508,1.5890e+04,0.1083,0.1083,2.7238e+03,2.7238e+03,3.1148e+03,0.0000e+00,0.0000e+00,0.0000e+00
429,3.9722e+04,0.1210,0.3893,3.9722e+04,0.1210,0.3893,1.2322e+04,0.1208,0.1208,3.9424e+03,3.9424e+03,4.1876e+03,0.0000e+00,0.0000e+00,0.0000e+00
430,2.7498e+04,0.1152,0.3758,2.7498e+04,0.1152,0.3758,6.7001e+03,0.0916,0.0916,2.3372e+03,2.3372e+03,2.5641e+03,0.0000e+00,0.0000e+00,0.0000e+00
431,7.5451e+04,0.1654,0.5412,7.5451e+04,0.1654,0.5412,2.0716e+04,0.1486,0.1486,4.4790e+03,4.4790e+03,5.0820e+03,0.0000e+00,0.0000e+00,0.0000e+00
432,2.0636e+04,0.3031,0.5484,2.0636e+04,0.3031,0.5484,1.5489e+04,0.4116,0.4116,3.3538e+03,3.3538e+03,3.8183e+03,0.0000e+00,0.0000e+00,0.0000e+00
433,4.9907e+04,0.1306,0.4319,4.9907e+04,0.1306,0.4319,1.6725e+04,0.1447,0.1447,4.9808e+03,4.9808e+03,5.4125e+03,0.0000e+00,0.0000e+00,0.0000e+00
434,4.4901e+04,0.1474,0.4856,4.4901e+04,0.1474,0.4856,1.4368e+04,0.1554,0.1554,3.8397e+03,3.8397e+03,4.3221e+03,0.0000e+00,0.0000e+00,0.0000e+00
435,1.0850e+05,0.1241,0.3056,1.0850e+05,0.1241,0.3056,2.0587e+04,0.0580,0.0580,7.2405e+03,7.2405e+03,9.3995e+03,0.0000e+00,0.0000e+00,0.0000e+00
436,2.9785e+04,0.1333,0.3860,2.9785e+04,0.1333,0.3860,9.8491e+03,0.1276,0.1276,3.1791e+03,3.1791e+03,3.8369e+03,0.0000e+00,0.0000e+00,0.0000e+00
437,5.6314e+04,0.1744,0.6150,5.6314e+04,0.1744,0.6150,2.2120e+04,0.2416,0.2416,4.3411e+03,4.3411e+03,4.4759e+03,0.0000e+00,0.0000e+00,0.0000e+00
438,6.6661e+04,0.1767,0.4817,6.6661e+04,0.1767,0.4817,1.1691e+04,0.0845,0.0845,3.0081e+03,3.0081e+03,3.3760e+03,0.0000e+00,0.0000e+00,0.0000e+00
439,6.6951e+04,0.2234,0.6399,6.6951e+04,0.2234,0.6399,4.1618e+04,0.3978,0.3978,5.3731e+03,5.3731e+03,5.8818e+03,0.0000e+00,0.0000e+00,0.0000e+00
440,7.3744e+04,0.2071,0.4987,7.3744e+04,0.2071,0.4987,1.4361e+04,0.0971,0.0971,2.5621e+03,2.5621e+03,3.1845e+03,0.0000e+00,0.0000e+00,0.0000e+00
441,3.1130e+04,0.1342,0.3736,3.1130e+04,0.1342,0.3736,1.1778e+04,0.1414,0.1414,4.0542e+03,4.0542e+03,4.5327e+03,0.0000e+00,0.0000e+00,0.0000e+00
442,6.0812e+04,0.1979,0.6050,6.0812e+04,0.1979,0.6050,1.8173e+04,0.1808,0.1808,2.5474e+03,2.5474e+03,2.6843e+03,0.0000e+00,0.0000e+00,0.0000e+00
443,5.4065e+04,0.1426,0.4132,5.4065e+04,0.1426,0.4132,1.7013e+04,0.1300,0.1300,5.1684e+03,5.1684e+03,6.4474e+03,0.0000e+00,0.0000e+00,0.0000e+00
444,5.9801e+04,0.1344,0.3685,5.9801e+04,0.1344,0.3685,1.1364e+04,0.0700,0.0700,3.9356e+03,3.9356e+03,4.6211e+03,0.0000e+00,0.0000e+00,0.0000e+00
445,1.8327e+04,0.2704,0.4398,1.8327e+04,0.2704,0.4398,1.3476e+04,0.3234,0.3234,4.3123e+03,4.3123e+03,4.5930e+03,0.0000e+00,0.0000e+00,0.0000e+00
446,3.6637e+04,0.1224,0.3570,3.6637e+04,0.1224,0.3570,9.1167e+03,0.0888,0.0888,2.9623e+03,2.9623e+03,3.3286e+03,0.0000e+00,0.0000e+00,0.0000e+00
447,8.9904e+04,0.1513,0.5060,8.9904e+04,0.1513,0.5060,2.3015e+04,0.1295,0.1295,5.2810e+03,5.2810e+03,6.0237e+03,0.0000e+00,0.0000e+00,0.0000e+00
448,3.6858e+04,0.1771,0.5895,3.6858e+04,0.1771,0.5895,1.5753e+04,0.2519,0.2519,2.5095e+03,2.5095e+03,2.9588e+03,0.0000e+00,0.0000e+00,0.0000e+00
449,5.6479e+04,0.1376,0.4432,5.6479e+04,0.1376,0.4432,1.3303e+04,0.1044,0.1044,4.0048e+03,4.0048e+03,4.3498e+03,0.0000e+00,0.0000e+00,0.0000e+00
450,3.5459e+04,0.1603,0.5712,3.5459e+04,0.1603,0.5712,1.2579e+04,0.2026,0.2026,2.5923e+03,2.5923e+03,2.7794e+03,0.0000e+00,0.0000e+00,0.0000e+00
451,9.7783e+04,0.1503,0.3950,9.7783e+04,0.1503,0.3950,1.7708e+04,0.0715,0.0715,5.6173e+03,5.6173e+03,7.1556e+03,0.0000e+00,0.0000e+00,0.0000e+00
452,2.6675e+04,0.1790,0.4293,2.6675e+04,0.1790,0.4293,1.2700e+04,0.2044,0.2044,3.7910e+03,3.7910e+03,4.4451e+03,0.0000e+00,0.0000e+00,0.0000e+00
453,6.0740e+04,0.2150,0.6815,6.0740e+04,0.2150,0.6815,3.7437e+04,0.4201,0.4201,5.1778e+03,5.1778e+03,5.2313e+03,0.0000e+00,0.0000e+00,0.0000e+00
454,5.3754e+04,0.1609,0.4183,5.3754e+04,0.1609,0.4183,7.7010e+03,0.0599,0.0599,2.4990e+03,2.4990e+03,2.7793e+03,0.0000e+00,0.0000e+00,0.0000e+00
455,4.4595e+04,0.1922,0.5624,4.4595e+04,0.1922,0.5624,2.2123e+04,0.2790,0.2790,4.5452e+03,4.5452e+03,5.1636e+03,0.0000e+00,0.0000e+00,0.0000e+00
456,7.4063e+04,0.1630,0.4617,7.4063e+04,0.1630,0.4617,1.7424e+04,0.1086,0.1086,4.2123e+03,4.2123e+03,5.4985e+03,0.0000e+00,0.0000e+00,0.0000e+00
457,2.7124e+04,0.1466,0.2930,2.7124e+04,0.1466,0.2930,1.4379e+04,0.1553,0.1553,5.4331e+03,5.4331e+03,6.0983e+03,0.0000e+00,0.0000e+00,0.0000e+00
458,7.4762e+04,0.1951,0.6686,7.4762e+04,0.1951,0.6686,3.0325e+04,0.2712,0.2712,3.8307e+03,3.8307e+03,3.9585e+03,0.0000e+00,0.0000e+00,0.0000e+00
459,6.6261e+04,0.1415,0.4143,6.6261e+04,0.1415,0.4143,2.2728e+04,0.1421,0.1421,6.6745e+03,6.6745e+03,8.3831e+03,0.0000e+00,0.0000e+00,0.0000e+00
460,6.2969e+04,0.1460,0.3668,6.2969e+04,0.1460,0.3668,9.9707e+03,0.0581,0.0581,3.2911e+03,3.2911e+03,3.9577e+03,0.0000e+00,0.0000e+00,0.0000e+00
461,2.3917e+04,0.2288,0.5016,2.3917e+04,0.2288,0.5016,1.4515e+04,0.3044,0.3044,4.0836e+03,4.0836e+03,4.3585e+03,0.0000e+00,0.0000e+00,0.0000e+00
462,1.2758e+04,0.2738,0.5254,1.2758e+04,0.2738,0.5254,8.6429e+03,0.3559,0.3559,2.2251e+03,2.2251e+03,2.4152e+03,0.0000e+00,0.0000e+00,0.0000e+00
463,6.8837e+04,0.1266,0.3890,6.8837e+04,0.1266,0.3890,1.6332e+04,0.0923,0.0923,5.2287e+03,5.2287e+03,6.2843e+03,0.0000e+00,0.0000e+00,0.0000e+00
464,5.4286e+04,0.1098,0.2956,5.4286e+04,0.1098,0.2956,1.2968e+04,0.0706,0.0706,4.6897e+03,4.6897e+03,6.0368e+03,0.0000e+00,0.0000e+00,0.0000e+00
465,7.9492e+04,0.1448,0.4879,7.9492e+04,0.1448,0.4879,2.1754e+04,0.1335,0.1335,5.6803e+03,5.6803e+03,6.3295e+03,0.0000e+00,0.0000e+00,0.0000e+00
466,3.2173e+04,0.1322,0.4102,3.2173e+04,0.1322,0.4102,1.1109e+04,0.1416,0.1416,3.3799e+03,3.3799e+03,3.7793e+03,0.0000e+00,0.0000e+00,0.0000e+00
467,1.0757e+05,0.2043,0.5776,1.0757e+05,0.2043,0.5776,4.6311e+04,0.2487,0.2487,6.3543e+03,6.3543e+03,7.8163e+03,0.0000e+00,0.0000e+00,0.0000e+00
468,5.0396e+04,0.1748,0.5218,5.0396e+04,0.1748,0.5218,1.1612e+04,0.1202,0.1202,2.5504e+03,2.5504e+03,2.9907e+03,0.0000e+00,0.0000e+00,0.0000e+00
469,7.4170e+04,0.1386,0.3694,7.4170e+04,0.1386,0.3694,1.2664e+04,0.0631,0.0631,4.2870e+03,4.2870e+03,4.7460e+03,0.0000e+00,0.0000e+00,0.0000e+00
470,5.0839e+04,0.1471,0.5094,5.0839e+04,0.1471,0.5094,1.3315e+04,0.1334,0.1334,3.2642e+03,3.2642e+03,3.5102e+03,0.0000e+00,0.0000e+00,0.0000e+00
471,3.1369e+04,0.1586,0.3277,3.1369e+04,0.1586,0.3277,1.4807e+04,0.1547,0.1547,5.6293e+03,5.6293e+03,6.5404e+03,0.0000e+00,0.0000e+00,0.0000e+00
472,9.1403e+04,0.2006,0.3949,9.1403e+04,0.2006,0.3949,1.0864e+04,0.0469,0.0469,3.2173e+03,3.2173e+03,4.2145e+03,0.0000e+00,0.0000e+00,0.0000e+00
473,5.1971e+04,0.1711,0.5915,5.1971e+04,0.1711,0.5915,2.4102e+04,0.2743,0.2743,4.4545e+03,4.4545e+03,4.8914e+03,0.0000e+00,0.0000e+00,0.0000e+00
474,4.4619e+04,0.1594,0.4005,4.4619e+04,0.1594,0.4005,6.5339e+03,0.0586,0.0586,2.1439e+03,2.1439e+03,2.3824e+03,0.0000e+00,0.0000e+00,0.0000e+00
475,2.3407e+04,0.2376,0.4662,2.3407e+04,0.2376,0.4662,1.5529e+04,0.3093,0.3093,4.1110e+03,4.1110e+03,4.6437e+03,0.0000e+00,0.0000e+00,0.0000e+00
476,7.6112e+04,0.2078,0.6514,7.6112e+04,0.2078,0.6514,3.3399e+04,0.2858,0.2858,3.3060e+03,3.3060e+03,3.4816e+03,0.0000e+00,0.0000e+00,0.0000e+00
477,3.2164e+04,0.1633,0.4709,3.2164e+04,0.1633,0.4709,1.3965e+04,0.2044,0.2044,4.1825e+03,4.1825e+03,4.3980e+03,0.0000e+00,0.0000e+00,0.0000e+00
478,5.4278e+04,0.1948,0.4742,5.4278e+04,0.1948,0.4742,8.1489e+03,0.0712,0.0712,2.0683e+03,2.0683e+03,2.1849e+03,0.0000e+00,0.0000e+00,0.0000e+00
479,4.5480e+04,0.1125,0.3219,4.5480e+04,0.1125,0.3219,1.1659e+04,0.0825,0.0825,4.4363e+03,4.4363e+03,5.2082e+03,0.0000e+00,0.0000e+00,0.0000e+00
480,7.0349e+04,0.1553,0.4048,7.0349e+04,0.1553,0.4048,1.1632e+04,0.0669,0.0669,3.6839e+03,3.6839e+03,4.6637e+03,0.0000e+00,0.0000e+00,0.0000e+00
481,2.5811e+04,0.2462,0.5114,2.5811e+04,0.2462,0.5114,1.6785e+04,0.3325,0.3325,4.4624e+03,4.4624e+03,4.7024e+03,0.0000e+00,0.0000e+00,0.0000e+00
482,6.3838e+04,0.1396,0.3757,6.3838e+04,0.1396,0.3757,1.0982e+04,0.0646,0.0646,3.7544e+03,3.7544e+03,4.2031e+03,0.0000e+00,0.0000e+00,0.0000e+00
483,5.2175e+04,0.1739,0.4526,5.2175e+04,0.1739,0.4526,2.4433e+04,0.2120,0.2120,6.1843e+03,6.1843e+03,7.6791e+03,0.0000e+00,0.0000e+00,0.0000e+00
484,5.6596e+04,0.1766,0.5963,5.6596e+04,0.1766,0.5963,2.0904e+04,0.2202,0.2202,2.9090e+03,2.9090e+03,3.3541e+03,0.0000e+00,0.0000e+00,0.0000e+00
485,1.3347e+04,0.2738,0.3672,1.3347e+04,0.2738,0.3672,1.0847e+04,0.2984,0.2984,3.8684e+03,3.8684e+03,4.1303e+03,0.0000e+00,0.0000e+00,0.0000e+00
486,3.2824e+04,0.1836,0.6117,3.2824e+04,0.1836,0.6117,1.5272e+04,0.2846,0.2846,3.0226e+03,3.0226e+03,3.2057e+03,0.0000e+00,0.0000e+00,0.0000e+00
487,9.1123e+04,0.1316,0.3987,9.1123e+04,0.1316,0.3987,1.9681e+04,0.0861,0.0861,6.0189e+03,6.0189e+03,7.5151e+03,0.0000e+00,0.0000e+00,0.0000e+00
488,2.6816e+04,0.1242,0.3159,2.6816e+04,0.1242,0.3159,8.2269e+03,0.0969,0.0969,2.9142e+03,2.9142e+03,3.8445e+03,0.0000e+00,0.0000e+00,0.0000e+00
489,5.7763e+04,0.1522,0.5083,5.7763e+04,0.1522,0.5083,1.6859e+04,0.1484,0.1484,4.2920e+03,4.2920e+03,4.7808e+03,0.0000e+00,0.0000e+00,0.0000e+00
490,4.2395e+04,0.1378,0.4513,4.2395e+04,0.1378,0.4513,1.0047e+04,0.1069,0.1069,2.8423e+03,2.8423e+03,3.0948e+03,0.0000e+00,0.0000e+00,0.0000e+00
491,1.1227e+05,0.2080,0.6255,1.1227e+05,0.2080,0.6255,4.9053e+04,0.2733,0.2733,5.6215e+03,5.6215e+03,6.6048e+03,0.0000e+00,0.0000e+00,0.0000e+00
492,3.4214e+04,0.1823,0.5219,3.4214e+04,0.1823,0.5219,1.6137e+04,0.2461,0.2461,3.9207e+03,3.9207e+03,4.4006e+03,0.0000e+00,0.0000e+00,0.0000e+00
493,5.7023e+04,0.1115,0.3624,5.7023e+04,0.1115,0.3624,1.5453e+04,0.0982,0.0982,5.4222e+03,5.4222e+03,5.7942e+03,0.0000e+00,0.0000e+00,0.0000e+00
494,4.0276e+04,0.1291,0.4255,4.0276e+04,0.1291,0.4255,1.1289e+04,0.1193,0.1193,3.4210e+03,3.4210e+03,3.5642e+03,0.0000e+00,0.0000e+00,0.0000e+00
495,2.7314e+04,0.2968,0.5256,2.7314e+04,0.2968,0.5256,1.9771e+04,0.3804,0.3804,5.1467e+03,5.1467e+03,5.6230e+03,0.0000e+00,0.0000e+00,0.0000e+00
496,7.9598e+04,0.1926,0.4946,7.9598e+04,0.1926,0.4946,1.4066e+04,0.0874,0.0874,3.1688e+03,3.1688e+03,3.8830e+03,0.0000e+00,0.0000e+00,0.0000e+00
497,3.4845e+04,0.1168,0.3246,3.4845e+04,0.1168,0.3246,1.2847e+04,0.1197,0.1197,4.6253e+03,4.6253e+03,5.0871e+03,0.0000e+00,0.0000e+00,0.0000e+00
498,5.9973e+04,0.2150,0.6663,5.9973e+04,0.2150,0.6663,2.6896e+04,0.2988,0.2988,2.4559e+03,2.4559e+03,2.5082e+03,0.0000e+00,0.0000e+00,0.0000e+00
499,3.7148e+04,0.1475,0.3957,3.7148e+04,0.1475,0.3957,1.6004e+04,0.1705,0.1705,4.6772e+03,4.6772e+03,5.7168e+03,0.0000e+00,0.0000e+00,0.0000e+00
500,8.5827e+04,0.1690,0.3787,8.5827e+04,0.1690,0.3787,1.1714e+04,0.0517,0.0517,3.7442e+03,3.7442e+03,4.6825e+03,0.0000e+00,0.0000e+00,0.0000e+00
501,4.4736e+04,0.1785,0.5637,4.4736e+04,0.1785,0.5637,2.0229e+04,0.2549,0.2549,4.6871e+03,4.6871e+03,5.0390e+03,0.0000e+00,0.0000e+00,0.0000e+00
502,2.9035e+04,0.1144,0.3528,2.9035e+04,0.1144,0.3528,6.4708e+03,0.0786,0.0786,2.4859e+03,2.4859e+03,2.7053e+03,0.0000e+00,0.0000e+00,0.0000e+00
503,7.8475e+04,0.1502,0.4780,7.8475e+04,0.1502,0.4780,1.9171e+04,0.1168,0.1168,4.8232e+03,4.8232e+03,5.6940e+03,0.0000e+00,0.0000e+00,0.0000e+00
504,6.6188e+04,0.1663,0.5337,6.6188e+04,0.1663,0.5337,2.2968e+04,0.1852,0.1852,4.0758e+03,4.0758e+03,5.0304e+03,0.0000e+00,0.0000e+00,0.0000e+00
505,8.4710e+04,0.1375,0.4154,8.4710e+04,0.1375,0.4154,1.7582e+04,0.0862,0.0862,5.5148e+03,5.5148e+03,6.2491e+03,0.0000e+00,0.0000e+00,0.0000e+00
506,2.2282e+04,0.1724,0.5090,2.2282e+04,0.1724,0.5090,1.0916e+04,0.2493,0.2493,2.8032e+03,2.8032e+03,3.0235e+03,0.0000e+00,0.0000e+00,0.0000e+00
507,7.4221e+04,0.1263,0.3634,7.4221e+04,0.1263,0.3634,1.6797e+04,0.0822,0.0822,5.7319e+03,5.7319e+03,7.1875e+03,0.0000e+00,0.0000e+00,0.0000e+00
508,3.7329e+04,0.1481,0.4678,3.7329e+04,0.1481,0.4678,7.2107e+03,0.0904,0.0904,2.1531e+03,2.1531e+03,2.4228e+03,0.0000e+00,0.0000e+00,0.0000e+00
509,6.0236e+04,0.1797,0.6718,6.0236e+04,0.1797,0.6718,2.5242e+04,0.2815,0.2815,3.4182e+03,3.4182e+03,3.5485e+03,0.0000e+00,0.0000e+00,0.0000e+00
510,1.9953e+04,0.1538,0.4241,1.9953e+04,0.1538,0.4241,8.3241e+03,0.1769,0.1769,2.6943e+03,2.6943e+03,2.7500e+03,0.0000e+00,0.0000e+00,0.0000e+00
511,7.1323e+04,0.1759,0.6235,7.1323e+04,0.1759,0.6235,3.0799e+04,0.2692,0.2692,5.0093e+03,5.0093e+03,5.4163e+03,0.0000e+00,0.0000e+00,0.0000e+00
512,4.7633e+04,0.1635,0.4863,4.7633e+04,0.1635,0.4863,1.0602e+04,0.1082,0.1082,2.3575e+03,2.3575e+03,2.8457e+03,0.0000e+00,0.0000e+00,0.0000e+00
513,6.5611e+04,0.1359,0.3700,6.5611e+04,0.1359,0.3700,1.1062e+04,0.0624,0.0624,3.8892e+03,3.8892e+03,4.1804e+03,0.0000e+00,0.0000e+00,0.0000e+00
514,2.3319e+04,0.2322,0.6318,2.3319e+04,0.2322,0.6318,1.5816e+04,0.4285,0.4285,2.5055e+03,2.5055e+03,2.9357e+03,0.0000e+00,0.0000e+00,0.0000e+00
515,7.0856e+04,0.1441,0.4399,7.0856e+04,0.1441,0.4399,1.9064e+04,0.1184,0.1184,5.1721e+03,5.1721e+03,6.5547e+03,0.0000e+00,0.0000e+00,0.0000e+00
516,3.7266e+04,0.1311,0.3854,3.7266e+04,0.1311,0.3854,1.1109e+04,0.1149,0.1149,3.7376e+03,3.7376e+03,4.4398e+03,0.0000e+00,0.0000e+00,0.0000e+00
517,6.3875e+04,0.1571,0.5830,6.3875e+04,0.1571,0.5830,2.3852e+04,0.2177,0.2177,4.9070e+03,4.9070e+03,5.1747e+03,0.0000e+00,0.0000e+00,0.0000e+00
518,4.0638e+04,0.1409,0.3513,4.0638e+04,0.1409,0.3513,6.4229e+03,0.0555,0.0555,2.2244e+03,2.2244e+03,2.5329e+03,0.0000e+00,0.0000e+00,0.0000e+00
519,2.6384e+04,0.2072,0.4248,2.6384e+04,0.2072,0.4248,1.4195e+04,0.2286,0.2286,4.2679e+03,4.2679e+03,5.0363e+03,0.0000e+00,0.0000e+00,0.0000e+00
520,9.5872e+04,0.1992,0.5443,9.5872e+04,0.1992,0.5443,2.5801e+04,0.1465,0.1465,3.9430e+03,3.9430e+03,4.7976e+03,0.0000e+00,0.0000e+00,0.0000e+00
521,4.1286e+04,0.1316,0.3880,4.1286e+04,0.1316,0.3880,1.5637e+04,0.1470,0.1470,5.1055e+03,5.1055e+03,5.7012e+03,0.0000e+00,0.0000e+00,0.0000e+00
522,6.0617e+04,0.1607,0.5530,6.0617e+04,0.1607,0.5530,1.6841e+04,0.1536,0.1536,3.5785e+03,3.5785e+03,3.8508e+03,0.0000e+00,0.0000e+00,0.0000e+00
523,4.2015e+04,0.1286,0.3132,4.2015e+04,0.1286,0.3132,1.7795e+04,0.1327,0.1327,6.3038e+03,6.3038e+03,7.6170e+03,0.0000e+00,0.0000e+00,0.0000e+00
524,7.9500e+04,0.1968,0.4407,7.9500e+04,0.1968,0.4407,1.1211e+04,0.0621,0.0621,2.9944e+03,2.9944e+03,3.5445e+03,0.0000e+00,0.0000e+00,0.0000e+00
525,4.5177e+04,0.2205,0.6598,4.5177e+04,0.2205,0.6598,2.5529e+04,0.3728,0.3728,4.1860e+03,4.1860e+03,4.2104e+03,0.0000e+00,0.0000e+00,0.0000e+00
526,2.7081e+04,0.1444,0.5049,2.7081e+04,0.1444,0.5049,9.1996e+03,0.1715,0.1715,2.5065e+03,2.5065e+03,2.6985e+03,0.0000e+00,0.0000e+00,0.0000e+00
527,8.0860e+04,0.1214,0.3241,8.0860e+04,0.1214,0.3241,1.5091e+04,0.0605,0.0605,5.4183e+03,5.4183e+03,6.5141e+03,0.0000e+00,0.0000e+00,0.0000e+00
528,2.6402e+04,0.1678,0.3504,2.6402e+04,0.1678,0.3504,1.2898e+04,0.1712,0.1712,4.3565e+03,4.3565e+03,5.4314e+03,0.0000e+00,0.0000e+00,0.0000e+00
529,5.9373e+04,0.1804,0.5864,5.9373e+04,0.1804,0.5864,2.5798e+04,0.2548,0.2548,5.4782e+03,5.4782e+03,5.8878e+03,0.0000e+00,0.0000e+00,0.0000e+00
530,4.6911e+04,0.1210,0.3557,4.6911e+04,0.1210,0.3557,1.0776e+04,0.0817,0.0817,3.6354e+03,3.6354e+03,4.1656e+03,0.0000e+00,0.0000e+00,0.0000e+00
531,1.1204e+05,0.1672,0.4960,1.1204e+05,0.1672,0.4960,2.8479e+04,0.1261,0.1261,6.3175e+03,6.3175e+03,8.1112e+03,0.0000e+00,0.0000e+00,0.0000e+00
532,3.0834e+04,0.1935,0.6147,3.0834e+04,0.1935,0.6147,1.5397e+04,0.3070,0.3070,2.5697e+03,2.5697e+03,2.9983e+03,0.0000e+00,0.0000e+00,0.0000e+00
533,5.2429e+04,0.1276,0.4391,5.2429e+04,0.1276,0.4391,1.3409e+04,0.1123,0.1123,3.9703e+03,3.9703e+03,4.3255e+03,0.0000e+00,0.0000e+00,0.0000e+00
534,7.2030e+04,0.1868,0.6118,7.2030e+04,0.1868,0.6118,2.2735e+04,0.1931,0.1931,3.3627e+03,3.3627e+03,3.6815e+03,0.0000e+00,0.0000e+00,0.0000e+00
535,6.6339e+04,0.1389,0.4146,6.6339e+04,0.1389,0.4146,1.9753e+04,0.1235,0.1235,6.0965e+03,6.0965e+03,7.4123e+03,0.0000e+00,0.0000e+00,0.0000e+00
536,8.3303e+04,0.1776,0.3592,8.3303e+04,0.1776,0.3592,1.0184e+04,0.0439,0.0439,3.4660e+03,3.4660e+03,4.5535e+03,0.0000e+00,0.0000e+00,0.0000e+00
537,3.5826e+04,0.1686,0.4767,3.5826e+04,0.1686,0.4767,1.6134e+04,0.2147,0.2147,4.4414e+03,4.4414e+03,4.9516e+03,0.0000e+00,0.0000e+00,0.0000e+00
538,5.7710e+04,0.1994,0.4839,5.7710e+04,0.1994,0.4839,7.6895e+03,0.0645,0.0645,2.1743e+03,2.1743e+03,2.2940e+03,0.0000e+00,0.0000e+00,0.0000e+00
539,5.8600e+04,0.2194,0.6094,5.8600e+04,0.2194,0.6094,3.4393e+04,0.3576,0.3576,4.5842e+03,4.5842e+03,5.1032e+03,0.0000e+00,0.0000e+00,0.0000e+00
540,5.9921e+04,0.1612,0.5329,5.9921e+04,0.1612,0.5329,1.6778e+04,0.1492,0.1492,3.3160e+03,3.3160e+03,3.7642e+03,0.0000e+00,0.0000e+00,0.0000e+00
541,2.5047e+04,0.1722,0.3567,2.5047e+04,0.1722,0.3567,1.3439e+04,0.1914,0.1914,4.6724e+03,4.6724e+03,4.9718e+03,0.0000e+00,0.0000e+00,0.0000e+00
542,4.3518e+04,0.1873,0.5738,4.3518e+04,0.1873,0.5738,1.0817e+04,0.1426,0.1426,1.9007e+03,1.9007e+03,1.9377e+03,0.0000e+00,0.0000e+00,0.0000e+00
543,3.0049e+04,0.1457,0.3819,3.0049e+04,0.1457,0.3819,1.1716e+04,0.1489,0.1489,4.0522e+03,4.0522e+03,4.6470e+03,0.0000e+00,0.0000e+00,0.0000e+00
544,9.3249e+04,0.1767,0.3424,9.3249e+04,0.1767,0.3424,1.0266e+04,0.0377,0.0377,3.7865e+03,3.7865e+03,4.8792e+03,0.0000e+00,0.0000e+00,0.0000e+00
545,4.6586e+04,0.1385,0.4565,4.6586e+04,0.1385,0.4565,1.7012e+04,0.1667,0.1667,4.7272e+03,4.7272e+03,5.1213e+03,0.0000e+00,0.0000e+00,0.0000e+00
546,5.4063e+04,0.1403,0.4456,5.4063e+04,0.1403,0.4456,1.2278e+04,0.1012,0.1012,3.6045e+03,3.6045e+03,4.0910e+03,0.0000e+00,0.0000e+00,0.0000e+00
547,3.3391e+04,0.3096,0.4961,3.3391e+04,0.3096,0.4961,2.6650e+04,0.3959,0.3959,5.8110e+03,5.8110e+03,6.8244e+03,0.0000e+00,0.0000e+00,0.0000e+00
548,7.5410e+04,0.1983,0.5008,7.5410e+04,0.1983,0.5008,1.3425e+04,0.0892,0.0892,2.8785e+03,2.8785e+03,3.4322e+03,0.0000e+00,0.0000e+00,0.0000e+00
549,3.5430e+04,0.1266,0.3578,3.5430e+04,0.1266,0.3578,1.1768e+04,0.1188,0.1188,4.2104e+03,4.2104e+03,4.6700e+03,0.0000e+00,0.0000e+00,0.0000e+00
550,1.6908e+04,0.2078,0.4649,1.6908e+04,0.2078,0.4649,9.6577e+03,0.2655,0.2655,2.9669e+03,2.9669e+03,3.2591e+03,0.0000e+00,0.0000e+00,0.0000e+00
551,6.5486e+04,0.1127,0.3250,6.5486e+04,0.1127,0.3250,1.6903e+04,0.0839,0.0839,6.0427e+03,6.0427e+03,7.4833e+03,0.0000e+00,0.0000e+00,0.0000e+00
552,4.2076e+04,0.1276,0.3745,4.2076e+04,0.1276,0.3745,9.0936e+03,0.0809,0.0809,2.8040e+03,2.8040e+03,3.6972e+03,0.0000e+00,0.0000e+00,0.0000e+00
553,7.5243e+04,0.1726,0.6057,7.5243e+04,0.1726,0.6057,2.6342e+04,0.2121,0.2121,4.4052e+03,4.4052e+03,4.7954e+03,0.0000e+00,0.0000e+00,0.0000e+00
554,2.0080e+04,0.1263,0.3483,2.0080e+04,0.1263,0.3483,7.9462e+03,0.1378,0.1378,2.7326e+03,2.7326e+03,3.1895e+03,0.0000e+00,0.0000e+00,0.0000e+00
555,8.2536e+04,0.1642,0.5198,8.2536e+04,0.1642,0.5198,2.5784e+04,0.1624,0.1624,5.4670e+03,5.4670e+03,6.7419e+03,0.0000e+00,0.0000e+00,0.0000e+00
556,5.1511e+04,0.2199,0.6447,5.1511e+04,0.2199,0.6447,2.7909e+04,0.3493,0.3493,3.9900e+03,3.9900e+03,4.3417e+03,0.0000e+00,0.0000e+00,0.0000e+00
557,6.7481e+04,0.1332,0.4635,6.7481e+04,0.1332,0.4635,1.8374e+04,0.1262,0.1262,5.2358e+03,5.2358e+03,5.5425e+03,0.0000e+00,0.0000e+00,0.0000e+00
558,6.0655e+04,0.1298,0.3521,6.0655e+04,0.1298,0.3521,1.1254e+04,0.0653,0.0653,3.7650e+03,3.7650e+03,4.1367e+03,0.0000e+00,0.0000e+00,0.0000e+00
559,5.3539e+04,0.1687,0.4911,5.3539e+04,0.1687,0.4911,2.2962e+04,0.2106,0.2106,6.0545e+03,6.0545e+03,7.0365e+03,0.0000e+00,0.0000e+00,0.0000e+00
560,7.6847e+04,0.2044,0.5768,7.6847e+04,0.2044,0.5768,2.6246e+04,0.1970,0.1970,3.5544e+03,3.5544e+03,4.2738e+03,0.0000e+00,0.0000e+00,0.0000e+00
561,2.4904e+04,0.1771,0.3829,2.4904e+04,0.1771,0.3829,1.3636e+04,0.2097,0.2097,4.5533e+03,4.5533e+03,4.9296e+03,0.0000e+00,0.0000e+00,0.0000e+00
562,7.0179e+04,0.2183,0.5560,7.0179e+04,0.2183,0.5560,1.3243e+04,0.1049,0.1049,2.4888e+03,2.4888e+03,2.6363e+03,0.0000e+00,0.0000e+00,0.0000e+00
563,6.8980e+04,0.1293,0.3592,6.8980e+04,0.1293,0.3592,1.6475e+04,0.0858,0.0858,5.3685e+03,5.3685e+03,6.9980e+03,0.0000e+00,0.0000e+00,0.0000e+00
564,7.5491e+04,0.1555,0.4414,7.5491e+04,0.1555,0.4414,1.4383e+04,0.0841,0.0841,3.8549e+03,3.8549e+03,4.7314e+03,0.0000e+00,0.0000e+00,0.0000e+00
565,3.5066e+04,0.3026,0.6078,3.5066e+04,0.3026,0.6078,2.5576e+04,0.4433,0.4433,4.8582e+03,4.8582e+03,4.8356e+03,0.0000e+00,0.0000e+00,0.0000e+00
566,3.6508e+04,0.1299,0.4162,3.6508e+04,0.1299,0.4162,8.2844e+03,0.0944,0.0944,2.6003e+03,2.6003e+03,2.7601e+03,0.0000e+00,0.0000e+00,0.0000e+00
567,9.2833e+04,0.1661,0.5605,9.2833e+04,0.1661,0.5605,2.8522e+04,0.1722,0.1722,4.9880e+03,4.9880e+03,5.7651e+03,0.0000e+00,0.0000e+00,0.0000e+00
568,3.4773e+04,0.1605,0.4357,3.4773e+04,0.1605,0.4357,1.4890e+04,0.1865,0.1865,4.0433e+03,4.0433e+03,4.8862e+03,0.0000e+00,0.0000e+00,0.0000e+00
569,6.6514e+04,0.1182,0.3445,6.6514e+04,0.1182,0.3445,1.6016e+04,0.0830,0.0830,5.8165e+03,5.8165e+03,6.6634e+03,0.0000e+00,0.0000e+00,0.0000e+00
570,3.3694e+04,0.2012,0.6468,3.3694e+04,0.2012,0.6468,1.8249e+04,0.3503,0.3503,2.9379e+03,2.9379e+03,3.1069e+03,0.0000e+00,0.0000e+00,0.0000e+00
571,8.9785e+04,0.1496,0.4495,8.9785e+04,0.1496,0.4495,2.0412e+04,0.1022,0.1022,5.7830e+03,5.7830e+03,7.1446e+03,0.0000e+00,0.0000e+00,0.0000e+00
572,1.8877e+04,0.1403,0.3547,1.8877e+04,0.1403,0.3547,7.0575e+03,0.1326,0.1326,2.3254e+03,2.3254e+03,2.6981e+03,0.0000e+00,0.0000e+00,0.0000e+00
573,4.4126e+04,0.1519,0.5424,4.4126e+04,0.1519,0.5424,1.5899e+04,0.1954,0.1954,3.5349e+03,3.5349e+03,3.7636e+03,0.0000e+00,0.0000e+00,0.0000e+00
574,5.5141e+04,0.1744,0.4005,5.5141e+04,0.1744,0.4005,8.0900e+03,0.0588,0.0588,2.4439e+03,2.4439e+03,2.8957e+03,0.0000e+00,0.0000e+00,0.0000e+00
575,5.1113e+04,0.1589,0.5239,5.1113e+04,0.1589,0.5239,2.0274e+04,0.2078,0.2078,4.6347e+03,4.6347e+03,5.2558e+03,0.0000e+00,0.0000e+00,0.0000e+00
576,8.0136e+04,0.1869,0.6099,8.0136e+04,0.1869,0.6099,3.5365e+04,0.2692,0.2692,4.1307e+03,4.1307e+03,4.7268e+03,0.0000e+00,0.0000e+00,0.0000e+00
577,2.8115e+04,0.1884,0.4224,2.8115e+04,0.1884,0.4224,1.5246e+04,0.2290,0.2290,4.8338e+03,4.8338e+03,5.2006e+03,0.0000e+00,0.0000e+00,0.0000e+00
578,6.3976e+04,0.1665,0.4932,6.3976e+04,0.1665,0.4932,1.3007e+04,0.1003,0.1003,3.0982e+03,3.0982e+03,3.4826e+03,0.0000e+00,0.0000e+00,0.0000e+00
579,4.8340e+04,0.1328,0.3235,4.8340e+04,0.1328,0.3235,1.6147e+04,0.1080,0.1080,5.8869e+03,5.8869e+03,7.3130e+03,0.0000e+00,0.0000e+00,0.0000e+00
580,5.3564e+04,0.1695,0.4212,5.3564e+04,0.1695,0.4212,8.0363e+03,0.0632,0.0632,2.4592e+03,2.4592e+03,2.9328e+03,0.0000e+00,0.0000e+00,0.0000e+00
581,2.0402e+04,0.2633,0.5473,2.0402e+04,0.2633,0.5473,1.3940e+04,0.3739,0.3739,3.5662e+03,3.5662e+03,3.7919e+03,0.0000e+00,0.0000e+00,0.0000e+00
582,3.6791e+04,0.1398,0.4664,3.6791e+04,0.1398,0.4664,1.2715e+04,0.1612,0.1612,3.4945e+03,3.4945e+03,3.7304e+03,0.0000e+00,0.0000e+00,0.0000e+00
583,1.0578e+05,0.2235,0.6701,1.0578e+05,0.2235,0.6701,6.0978e+04,0.3863,0.3863,6.4322e+03,6.4322e+03,7.2241e+03,0.0000e+00,0.0000e+00,0.0000e+00
584,2.8125e+04,0.2049,0.5011,2.8125e+04,0.2049,0.5011,1.4481e+04,0.2580,0.2580,3.1487e+03,3.1487e+03,3.7762e+03,0.0000e+00,0.0000e+00,0.0000e+00
585,5.9757e+04,0.1176,0.3751,5.9757e+04,0.1176,0.3751,1.5142e+04,0.0950,0.0950,4.9337e+03,4.9337e+03,5.5999e+03,0.0000e+00,0.0000e+00,0.0000e+00
586,4.1012e+04,0.1824,0.6341,4.1012e+04,0.1824,0.6341,1.5696e+04,0.2427,0.2427,2.3479e+03,2.3479e+03,2.4678e+03,0.0000e+00,0.0000e+00,0.0000e+00
587,1.0502e+05,0.1562,0.4023,1.0502e+05,0.1562,0.4023,1.7796e+04,0.0682,0.0682,5.1052e+03,5.1052e+03,6.5503e+03,0.0000e+00,0.0000e+00,0.0000e+00
588,3.3537e+04,0.1175,0.3397,3.3537e+04,0.1175,0.3397,1.0186e+04,0.1032,0.1032,3.6293e+03,3.6293e+03,4.2652e+03,0.0000e+00,0.0000e+00,0.0000e+00
589,5.4964e+04,0.1531,0.5498,5.4964e+04,0.1531,0.5498,1.8617e+04,0.1862,0.1862,4.5773e+03,4.5773e+03,4.7510e+03,0.0000e+00,0.0000e+00,0.0000e+00
590,4.0373e+04,0.2091,0.6892,4.0373e+04,0.2091,0.6892,2.2602e+04,0.3858,0.3858,3.0463e+03,3.0463e+03,3.0094e+03,0.0000e+00,0.0000e+00,0.0000e+00
591,2.1349e+04,0.2367,0.3828,2.1349e+04,0.2367,0.3828,1.5652e+04,0.2806,0.2806,5.1445e+03,5.1445e+03,5.7914e+03,0.0000e+00,0.0000e+00,0.0000e+00
592,7.7468e+04,0.1796,0.3656,7.7468e+04,0.1796,0.3656,9.5370e+03,0.0450,0.0450,3.0855e+03,3.0855e+03,4.0113e+03,0.0000e+00,0.0000e+00,0.0000e+00
593,3.4535e+04,0.1902,0.5367,3.4535e+04,0.1902,0.5367,1.6787e+04,0.2609,0.2609,4.1837e+03,4.1837e+03,4.6153e+03,0.0000e+00,0.0000e+00,0.0000e+00
594,6.0436e+04,0.1530,0.4239,6.0436e+04,0.1530,0.4239,1.0880e+04,0.0763,0.0763,3.2008e+03,3.2008e+03,3.7609e+03,0.0000e+00,0.0000e+00,0.0000e+00
595,3.7769e+04,0.2649,0.5316,3.7769e+04,0.2649,0.5316,2.3588e+04,0.3320,0.3320,5.2347e+03,5.2347e+03,6.1563e+03,0.0000e+00,0.0000e+00,0.0000e+00
596,8.7409e+04,0.1693,0.5024,8.7409e+04,0.1693,0.5024,1.8360e+04,0.1055,0.1055,4.3373e+03,4.3373e+03,5.2812e+03,0.0000e+00,0.0000e+00,0.0000e+00
597,4.4875e+04,0.1157,0.3201,4.4875e+04,0.1157,0.3201,1.6022e+04,0.1143,0.1143,5.7997e+03,5.7997e+03,6.3344e+03,0.0000e+00,0.0000e+00,0.0000e+00
598,2.1541e+04,0.1530,0.5179,2.1541e+04,0.1530,0.5179,8.5877e+03,0.2065,0.2065,2.0139e+03,2.0139e+03,2.2046e+03,0.0000e+00,0.0000e+00,0.0000e+00
